dataset,encoding,topology,readout,train_size,seed,final_acc,train_acc,train_time_s
mnist_0v1,angular,ring,z0,50,0,0.8444444444444444,0.96,2.2697958946228027
mnist_0v1,angular,ring,z0,50,1,0.9,0.92,2.098104476928711
mnist_0v1,angular,ring,z0,50,2,0.9,0.92,2.0543689727783203
mnist_0v1,angular,ring,z0,50,3,0.8888888888888888,0.9,2.0346646308898926
mnist_0v1,angular,ring,z0,50,4,0.9222222222222223,0.94,2.1373848915100098
mnist_0v1,angular,ring,z0,100,0,0.8555555555555555,0.93,2.881622552871704
mnist_0v1,angular,ring,z0,100,1,0.9222222222222223,0.94,2.7143990993499756
mnist_0v1,angular,ring,z0,100,2,0.9111111111111111,0.93,2.5674638748168945
mnist_0v1,angular,ring,z0,100,3,0.9444444444444444,0.94,2.7572476863861084
mnist_0v1,angular,ring,z0,100,4,0.8888888888888888,0.95,2.700834274291992
mnist_0v1,angular,ring,z0,200,0,0.8555555555555555,0.94,2.836991310119629
mnist_0v1,angular,ring,z0,200,1,0.8666666666666667,0.915,3.0254507064819336
mnist_0v1,angular,ring,z0,200,2,0.8777777777777778,0.89,2.9670231342315674
mnist_0v1,angular,ring,z0,200,3,0.9111111111111111,0.945,2.734443426132202
mnist_0v1,angular,ring,z0,200,4,0.9333333333333333,0.915,2.7043678760528564
mnist_0v1,angular,ring,multi,50,0,0.9333333333333333,1.0,2.485640048980713
mnist_0v1,angular,ring,multi,50,1,0.9555555555555556,1.0,2.522108793258667
mnist_0v1,angular,ring,multi,50,2,0.9666666666666667,0.98,2.636594295501709
mnist_0v1,angular,ring,multi,50,3,0.9777777777777777,0.96,2.295123338699341
mnist_0v1,angular,ring,multi,50,4,0.9666666666666667,0.98,2.2121410369873047
mnist_0v1,angular,ring,multi,100,0,0.9222222222222223,1.0,2.8449385166168213
mnist_0v1,angular,ring,multi,100,1,0.9666666666666667,0.98,2.4819118976593018
mnist_0v1,angular,ring,multi,100,2,0.9444444444444444,0.99,2.216146230697632
mnist_0v1,angular,ring,multi,100,3,0.9888888888888889,0.98,2.5041720867156982
mnist_0v1,angular,ring,multi,100,4,0.9888888888888889,0.99,2.4276914596557617
mnist_0v1,angular,ring,multi,200,0,0.9222222222222223,0.995,2.459249973297119
mnist_0v1,angular,ring,multi,200,1,0.9777777777777777,0.975,2.4440817832946777
mnist_0v1,angular,ring,multi,200,2,0.9666666666666667,0.965,2.595532178878784
mnist_0v1,angular,ring,multi,200,3,0.9777777777777777,0.975,3.1485655307769775
mnist_0v1,angular,ring,multi,200,4,0.9666666666666667,0.98,3.012990951538086
mnist_0v1,angular,all_to_all,z0,50,0,0.8555555555555555,0.94,1.9483561515808105
mnist_0v1,angular,all_to_all,z0,50,1,0.9222222222222223,0.92,1.8706564903259277
mnist_0v1,angular,all_to_all,z0,50,2,0.8444444444444444,0.94,1.6604297161102295
mnist_0v1,angular,all_to_all,z0,50,3,0.8666666666666667,0.88,1.7938241958618164
mnist_0v1,angular,all_to_all,z0,50,4,0.9,0.94,1.696791648864746
mnist_0v1,angular,all_to_all,z0,100,0,0.8777777777777778,0.93,2.239292860031128
mnist_0v1,angular,all_to_all,z0,100,1,0.9222222222222223,0.92,2.9476091861724854
mnist_0v1,angular,all_to_all,z0,100,2,0.8777777777777778,0.96,2.8320934772491455
mnist_0v1,angular,all_to_all,z0,100,3,0.8666666666666667,0.9,2.7190616130828857
mnist_0v1,angular,all_to_all,z0,100,4,0.9111111111111111,0.93,4.338109731674194
mnist_0v1,angular,all_to_all,z0,200,0,0.8555555555555555,0.935,4.274298429489136
mnist_0v1,angular,all_to_all,z0,200,1,0.9111111111111111,0.92,4.454780101776123
mnist_0v1,angular,all_to_all,z0,200,2,0.9111111111111111,0.935,4.3992815017700195
mnist_0v1,angular,all_to_all,z0,200,3,0.8666666666666667,0.885,4.158308982849121
mnist_0v1,angular,all_to_all,z0,200,4,0.9111111111111111,0.93,4.8481457233428955
mnist_0v1,angular,all_to_all,multi,50,0,0.9,1.0,3.8237380981445312
mnist_0v1,angular,all_to_all,multi,50,1,0.9555555555555556,1.0,3.6074934005737305
mnist_0v1,angular,all_to_all,multi,50,2,0.9666666666666667,0.98,4.061811208724976
mnist_0v1,angular,all_to_all,multi,50,3,0.9888888888888889,0.98,3.150322198867798
mnist_0v1,angular,all_to_all,multi,50,4,0.9666666666666667,0.98,2.6451518535614014
mnist_0v1,angular,all_to_all,multi,100,0,0.9222222222222223,1.0,3.533919334411621
mnist_0v1,angular,all_to_all,multi,100,1,0.9555555555555556,0.98,3.236837863922119
mnist_0v1,angular,all_to_all,multi,100,2,0.9555555555555556,0.99,3.3203094005584717
mnist_0v1,angular,all_to_all,multi,100,3,0.9777777777777777,0.98,3.1661674976348877
mnist_0v1,angular,all_to_all,multi,100,4,0.9666666666666667,0.99,4.1382527351379395
mnist_0v1,angular,all_to_all,multi,200,0,0.9333333333333333,0.99,4.701083660125732
mnist_0v1,angular,all_to_all,multi,200,1,0.9666666666666667,0.975,4.7837536334991455
mnist_0v1,angular,all_to_all,multi,200,2,0.9777777777777777,0.965,4.792702674865723
mnist_0v1,angular,all_to_all,multi,200,3,0.9666666666666667,0.975,3.7482070922851562
mnist_0v1,angular,all_to_all,multi,200,4,0.9666666666666667,0.98,3.6099140644073486
mnist_0v1,angular,none,z0,50,0,0.8888888888888888,0.84,1.919001817703247
mnist_0v1,angular,none,z0,50,1,0.8222222222222222,0.86,1.8196227550506592
mnist_0v1,angular,none,z0,50,2,0.8777777777777778,0.86,1.8263771533966064
mnist_0v1,angular,none,z0,50,3,0.8888888888888888,0.84,2.17488694190979
mnist_0v1,angular,none,z0,50,4,0.8888888888888888,0.84,1.7124261856079102
mnist_0v1,angular,none,z0,100,0,0.8555555555555555,0.84,1.852834939956665
mnist_0v1,angular,none,z0,100,1,0.8222222222222222,0.9,2.0195467472076416
mnist_0v1,angular,none,z0,100,2,0.8666666666666667,0.88,1.8486804962158203
mnist_0v1,angular,none,z0,100,3,0.8777777777777778,0.87,2.082805633544922
mnist_0v1,angular,none,z0,100,4,0.8666666666666667,0.88,1.9165091514587402
mnist_0v1,angular,none,z0,200,0,0.8444444444444444,0.875,3.3493947982788086
mnist_0v1,angular,none,z0,200,1,0.8222222222222222,0.86,2.8908228874206543
mnist_0v1,angular,none,z0,200,2,0.8333333333333334,0.865,3.4715747833251953
mnist_0v1,angular,none,z0,200,3,0.8888888888888888,0.85,3.8571553230285645
mnist_0v1,angular,none,z0,200,4,0.8888888888888888,0.86,3.261868476867676
mnist_0v1,angular,none,multi,50,0,0.9333333333333333,1.0,3.690901279449463
mnist_0v1,angular,none,multi,50,1,0.9666666666666667,1.0,2.5246734619140625
mnist_0v1,angular,none,multi,50,2,0.9777777777777777,0.98,1.8908522129058838
mnist_0v1,angular,none,multi,50,3,0.9888888888888889,0.98,2.23360276222229
mnist_0v1,angular,none,multi,50,4,0.9666666666666667,0.98,2.824444055557251
mnist_0v1,angular,none,multi,100,0,0.9333333333333333,0.99,3.2600979804992676
mnist_0v1,angular,none,multi,100,1,0.9777777777777777,0.98,3.3943212032318115
mnist_0v1,angular,none,multi,100,2,0.9555555555555556,0.99,3.4073147773742676
mnist_0v1,angular,none,multi,100,3,0.9888888888888889,0.98,3.0663905143737793
mnist_0v1,angular,none,multi,100,4,0.9666666666666667,0.99,3.1078758239746094
mnist_0v1,angular,none,multi,200,0,0.9333333333333333,0.99,2.785545825958252
mnist_0v1,angular,none,multi,200,1,0.9777777777777777,0.98,2.7672674655914307
mnist_0v1,angular,none,multi,200,2,0.9777777777777777,0.98,2.7364563941955566
mnist_0v1,angular,none,multi,200,3,0.9888888888888889,0.98,2.270554304122925
mnist_0v1,angular,none,multi,200,4,0.9888888888888889,0.98,2.388676404953003
mnist_0v1,amplitude,ring,z0,50,0,0.9666666666666667,0.92,2.8764240741729736
mnist_0v1,amplitude,ring,z0,50,1,0.9777777777777777,1.0,2.21798038482666
mnist_0v1,amplitude,ring,z0,50,2,1.0,1.0,3.340543508529663
mnist_0v1,amplitude,ring,z0,50,3,1.0,0.98,2.4390084743499756
mnist_0v1,amplitude,ring,z0,50,4,0.9888888888888889,0.92,2.7450287342071533
mnist_0v1,amplitude,ring,z0,100,0,0.9777777777777777,0.98,2.812411308288574
mnist_0v1,amplitude,ring,z0,100,1,0.9777777777777777,0.98,3.0317745208740234
mnist_0v1,amplitude,ring,z0,100,2,1.0,1.0,2.7428276538848877
mnist_0v1,amplitude,ring,z0,100,3,1.0,0.98,2.769841194152832
mnist_0v1,amplitude,ring,z0,100,4,0.9777777777777777,0.95,3.129307746887207
mnist_0v1,amplitude,ring,z0,200,0,0.9777777777777777,0.99,2.639368772506714
mnist_0v1,amplitude,ring,z0,200,1,0.9888888888888889,0.975,2.1291146278381348
mnist_0v1,amplitude,ring,z0,200,2,1.0,0.995,2.8834033012390137
mnist_0v1,amplitude,ring,z0,200,3,1.0,0.995,3.2402617931365967
mnist_0v1,amplitude,ring,z0,200,4,0.9777777777777777,0.96,2.550391435623169
mnist_0v1,amplitude,ring,multi,50,0,1.0,1.0,2.9519240856170654
mnist_0v1,amplitude,ring,multi,50,1,1.0,1.0,2.1411733627319336
mnist_0v1,amplitude,ring,multi,50,2,1.0,1.0,2.009742259979248
mnist_0v1,amplitude,ring,multi,50,3,1.0,1.0,2.13102650642395
mnist_0v1,amplitude,ring,multi,50,4,1.0,1.0,2.2275302410125732
mnist_0v1,amplitude,ring,multi,100,0,1.0,1.0,2.0459723472595215
mnist_0v1,amplitude,ring,multi,100,1,1.0,1.0,2.0523440837860107
mnist_0v1,amplitude,ring,multi,100,2,1.0,0.99,2.122176170349121
mnist_0v1,amplitude,ring,multi,100,3,1.0,1.0,2.0940134525299072
mnist_0v1,amplitude,ring,multi,100,4,1.0,1.0,1.8624310493469238
mnist_0v1,amplitude,ring,multi,200,0,1.0,1.0,1.6475193500518799
mnist_0v1,amplitude,ring,multi,200,1,1.0,1.0,1.7673795223236084
mnist_0v1,amplitude,ring,multi,200,2,1.0,0.995,1.6498534679412842
mnist_0v1,amplitude,ring,multi,200,3,1.0,0.995,1.691361904144287
mnist_0v1,amplitude,ring,multi,200,4,1.0,1.0,1.661978006362915
mnist_0v1,amplitude,all_to_all,z0,50,0,1.0,1.0,1.638685703277588
mnist_0v1,amplitude,all_to_all,z0,50,1,0.9777777777777777,1.0,1.866126537322998
mnist_0v1,amplitude,all_to_all,z0,50,2,1.0,0.98,3.017979145050049
mnist_0v1,amplitude,all_to_all,z0,50,3,1.0,0.98,2.4363179206848145
mnist_0v1,amplitude,all_to_all,z0,50,4,0.9888888888888889,0.96,4.0075414180755615
mnist_0v1,amplitude,all_to_all,z0,100,0,1.0,0.99,2.853440761566162
mnist_0v1,amplitude,all_to_all,z0,100,1,0.9888888888888889,0.98,3.787472724914551
mnist_0v1,amplitude,all_to_all,z0,100,2,1.0,0.99,2.5970354080200195
mnist_0v1,amplitude,all_to_all,z0,100,3,1.0,0.98,3.8365845680236816
mnist_0v1,amplitude,all_to_all,z0,100,4,0.9888888888888889,0.98,2.814103364944458
mnist_0v1,amplitude,all_to_all,z0,200,0,1.0,0.995,4.025015115737915
mnist_0v1,amplitude,all_to_all,z0,200,1,1.0,0.985,2.908996105194092
mnist_0v1,amplitude,all_to_all,z0,200,2,1.0,0.985,2.3727669715881348
mnist_0v1,amplitude,all_to_all,z0,200,3,1.0,0.97,2.365257740020752
mnist_0v1,amplitude,all_to_all,z0,200,4,0.9888888888888889,0.985,2.293658971786499
mnist_0v1,amplitude,all_to_all,multi,50,0,1.0,1.0,2.4726037979125977
mnist_0v1,amplitude,all_to_all,multi,50,1,1.0,1.0,2.167289972305298
mnist_0v1,amplitude,all_to_all,multi,50,2,1.0,1.0,2.45684814453125
mnist_0v1,amplitude,all_to_all,multi,50,3,1.0,1.0,2.2600955963134766
mnist_0v1,amplitude,all_to_all,multi,50,4,1.0,1.0,2.3955276012420654
mnist_0v1,amplitude,all_to_all,multi,100,0,1.0,1.0,2.463510036468506
mnist_0v1,amplitude,all_to_all,multi,100,1,1.0,1.0,2.371751070022583
mnist_0v1,amplitude,all_to_all,multi,100,2,1.0,1.0,3.282620429992676
mnist_0v1,amplitude,all_to_all,multi,100,3,1.0,1.0,3.1158981323242188
mnist_0v1,amplitude,all_to_all,multi,100,4,1.0,1.0,3.78073787689209
mnist_0v1,amplitude,all_to_all,multi,200,0,1.0,0.995,2.935499429702759
mnist_0v1,amplitude,all_to_all,multi,200,1,1.0,1.0,4.339290618896484
mnist_0v1,amplitude,all_to_all,multi,200,2,1.0,1.0,2.854174852371216
mnist_0v1,amplitude,all_to_all,multi,200,3,1.0,1.0,3.660914897918701
mnist_0v1,amplitude,all_to_all,multi,200,4,1.0,1.0,3.0196332931518555
mnist_0v1,amplitude,none,z0,50,0,0.5444444444444444,0.46,2.9338412284851074
mnist_0v1,amplitude,none,z0,50,1,0.4777777777777778,0.58,2.2745156288146973
mnist_0v1,amplitude,none,z0,50,2,0.4222222222222222,0.44,2.246790647506714
mnist_0v1,amplitude,none,z0,50,3,0.5222222222222223,0.52,2.424103260040283
mnist_0v1,amplitude,none,z0,50,4,0.5444444444444444,0.54,2.1395974159240723
mnist_0v1,amplitude,none,z0,100,0,0.5,0.5,1.8132960796356201
mnist_0v1,amplitude,none,z0,100,1,0.5111111111111111,0.53,1.6180946826934814
mnist_0v1,amplitude,none,z0,100,2,0.5,0.51,1.6483206748962402
mnist_0v1,amplitude,none,z0,100,3,0.5444444444444444,0.54,1.8298752307891846
mnist_0v1,amplitude,none,z0,100,4,0.4888888888888889,0.45,1.9245877265930176
mnist_0v1,amplitude,none,z0,200,0,0.4666666666666667,0.54,1.833310842514038
mnist_0v1,amplitude,none,z0,200,1,0.4888888888888889,0.495,1.7734360694885254
mnist_0v1,amplitude,none,z0,200,2,0.4444444444444444,0.485,1.6624236106872559
mnist_0v1,amplitude,none,z0,200,3,0.4,0.48,1.542053461074829
mnist_0v1,amplitude,none,z0,200,4,0.5111111111111111,0.545,1.5357868671417236
mnist_0v1,amplitude,none,multi,50,0,0.8777777777777778,0.84,1.3534390926361084
mnist_0v1,amplitude,none,multi,50,1,0.8222222222222222,0.84,1.396819829940796
mnist_0v1,amplitude,none,multi,50,2,0.8111111111111111,0.82,1.340843677520752
mnist_0v1,amplitude,none,multi,50,3,0.8777777777777778,0.82,1.2619693279266357
mnist_0v1,amplitude,none,multi,50,4,0.7666666666666667,0.88,1.3302443027496338
mnist_0v1,amplitude,none,multi,100,0,0.8333333333333334,0.84,1.5839383602142334
mnist_0v1,amplitude,none,multi,100,1,0.8,0.83,1.784733772277832
mnist_0v1,amplitude,none,multi,100,2,0.8555555555555555,0.79,1.8926477432250977
mnist_0v1,amplitude,none,multi,100,3,0.9,0.79,1.348907232284546
mnist_0v1,amplitude,none,multi,100,4,0.8111111111111111,0.83,1.3442497253417969
mnist_0v1,amplitude,none,multi,200,0,0.8444444444444444,0.835,1.402620553970337
mnist_0v1,amplitude,none,multi,200,1,0.8222222222222222,0.835,1.4502618312835693
mnist_0v1,amplitude,none,multi,200,2,0.8444444444444444,0.795,1.5102622509002686
mnist_0v1,amplitude,none,multi,200,3,0.8888888888888888,0.82,1.4132084846496582
mnist_0v1,amplitude,none,multi,200,4,0.8111111111111111,0.845,1.4175746440887451
mnist_3v5,angular,ring,z0,50,0,0.967391304347826,0.94,1.6171956062316895
mnist_3v5,angular,ring,z0,50,1,0.9347826086956522,1.0,1.602527141571045
mnist_3v5,angular,ring,z0,50,2,0.9239130434782609,1.0,1.9111981391906738
mnist_3v5,angular,ring,z0,50,3,0.9456521739130435,0.98,1.5652668476104736
mnist_3v5,angular,ring,z0,50,4,0.9565217391304348,0.96,1.791886806488037
mnist_3v5,angular,ring,z0,100,0,0.9239130434782609,0.94,2.4567108154296875
mnist_3v5,angular,ring,z0,100,1,0.9565217391304348,0.98,2.4789111614227295
mnist_3v5,angular,ring,z0,100,2,0.9130434782608695,0.97,2.494445562362671
mnist_3v5,angular,ring,z0,100,3,0.9456521739130435,0.97,2.5891332626342773
mnist_3v5,angular,ring,z0,100,4,0.967391304347826,0.95,2.5794122219085693
mnist_3v5,angular,ring,z0,200,0,0.9456521739130435,0.955,2.357478618621826
mnist_3v5,angular,ring,z0,200,1,0.9565217391304348,0.97,4.039047002792358
mnist_3v5,angular,ring,z0,200,2,0.9021739130434783,0.965,3.499518632888794
mnist_3v5,angular,ring,z0,200,3,0.9456521739130435,0.96,3.9368317127227783
mnist_3v5,angular,ring,z0,200,4,0.9782608695652174,0.945,3.8392624855041504
mnist_3v5,angular,ring,multi,50,0,0.9456521739130435,0.96,3.9849472045898438
mnist_3v5,angular,ring,multi,50,1,0.9456521739130435,1.0,2.2463412284851074
mnist_3v5,angular,ring,multi,50,2,0.9347826086956522,0.98,1.8343102931976318
mnist_3v5,angular,ring,multi,50,3,0.967391304347826,1.0,1.8070623874664307
mnist_3v5,angular,ring,multi,50,4,0.9565217391304348,1.0,2.5346744060516357
mnist_3v5,angular,ring,multi,100,0,0.9565217391304348,0.99,4.218729019165039
mnist_3v5,angular,ring,multi,100,1,0.9565217391304348,1.0,3.8443222045898438
mnist_3v5,angular,ring,multi,100,2,0.9130434782608695,0.99,3.312429904937744
mnist_3v5,angular,ring,multi,100,3,0.967391304347826,1.0,3.087216377258301
mnist_3v5,angular,ring,multi,100,4,0.967391304347826,0.99,3.7488481998443604
mnist_3v5,angular,ring,multi,200,0,0.9782608695652174,0.98,3.863802671432495
mnist_3v5,angular,ring,multi,200,1,0.9891304347826086,0.985,4.043537378311157
mnist_3v5,angular,ring,multi,200,2,0.9239130434782609,0.985,3.352057695388794
mnist_3v5,angular,ring,multi,200,3,0.967391304347826,0.995,2.684297561645508
mnist_3v5,angular,ring,multi,200,4,0.9565217391304348,0.975,2.5027377605438232
mnist_3v5,angular,all_to_all,z0,50,0,0.8913043478260869,0.94,1.8759338855743408
mnist_3v5,angular,all_to_all,z0,50,1,0.9239130434782609,0.94,1.7909541130065918
mnist_3v5,angular,all_to_all,z0,50,2,0.8369565217391305,0.9,1.694791555404663
mnist_3v5,angular,all_to_all,z0,50,3,0.9347826086956522,0.92,1.7159695625305176
mnist_3v5,angular,all_to_all,z0,50,4,0.967391304347826,0.92,1.641087532043457
mnist_3v5,angular,all_to_all,z0,100,0,0.8913043478260869,0.96,2.4144299030303955
mnist_3v5,angular,all_to_all,z0,100,1,0.9347826086956522,0.95,2.3184990882873535
mnist_3v5,angular,all_to_all,z0,100,2,0.8804347826086957,0.91,2.462217330932617
mnist_3v5,angular,all_to_all,z0,100,3,0.9347826086956522,0.91,2.4532673358917236
mnist_3v5,angular,all_to_all,z0,100,4,0.9347826086956522,0.95,2.3698463439941406
mnist_3v5,angular,all_to_all,z0,200,0,0.9021739130434783,0.935,2.498955249786377
mnist_3v5,angular,all_to_all,z0,200,1,0.9347826086956522,0.925,2.506220817565918
mnist_3v5,angular,all_to_all,z0,200,2,0.8804347826086957,0.93,2.805866003036499
mnist_3v5,angular,all_to_all,z0,200,3,0.9456521739130435,0.885,2.4420595169067383
mnist_3v5,angular,all_to_all,z0,200,4,0.9456521739130435,0.935,4.809854507446289
mnist_3v5,angular,all_to_all,multi,50,0,0.9456521739130435,0.98,3.3883070945739746
mnist_3v5,angular,all_to_all,multi,50,1,0.9456521739130435,1.0,4.153073072433472
mnist_3v5,angular,all_to_all,multi,50,2,0.8804347826086957,1.0,3.186223030090332
mnist_3v5,angular,all_to_all,multi,50,3,0.9782608695652174,0.98,3.9285099506378174
mnist_3v5,angular,all_to_all,multi,50,4,0.9782608695652174,1.0,3.5356357097625732
mnist_3v5,angular,all_to_all,multi,100,0,0.967391304347826,0.99,3.606391191482544
mnist_3v5,angular,all_to_all,multi,100,1,0.9891304347826086,0.99,3.2424120903015137
mnist_3v5,angular,all_to_all,multi,100,2,0.9021739130434783,0.99,2.982316732406616
mnist_3v5,angular,all_to_all,multi,100,3,0.9782608695652174,0.98,3.7634682655334473
mnist_3v5,angular,all_to_all,multi,100,4,0.9782608695652174,0.99,3.4723355770111084
mnist_3v5,angular,all_to_all,multi,200,0,0.9565217391304348,0.98,3.959592819213867
mnist_3v5,angular,all_to_all,multi,200,1,0.9782608695652174,0.985,3.462961196899414
mnist_3v5,angular,all_to_all,multi,200,2,0.9021739130434783,0.985,4.055081129074097
mnist_3v5,angular,all_to_all,multi,200,3,0.9891304347826086,0.97,4.196940660476685
mnist_3v5,angular,all_to_all,multi,200,4,0.9782608695652174,0.975,2.6046981811523438
mnist_3v5,angular,none,z0,50,0,0.9021739130434783,0.94,1.4665422439575195
mnist_3v5,angular,none,z0,50,1,0.9130434782608695,0.94,1.3964207172393799
mnist_3v5,angular,none,z0,50,2,0.9130434782608695,0.94,1.369541883468628
mnist_3v5,angular,none,z0,50,3,0.9565217391304348,0.92,1.3432605266571045
mnist_3v5,angular,none,z0,50,4,0.9347826086956522,0.94,1.3737311363220215
mnist_3v5,angular,none,z0,100,0,0.9021739130434783,0.95,1.9347665309906006
mnist_3v5,angular,none,z0,100,1,0.9347826086956522,0.93,1.831012487411499
mnist_3v5,angular,none,z0,100,2,0.9130434782608695,0.95,2.2742977142333984
mnist_3v5,angular,none,z0,100,3,0.9565217391304348,0.94,1.786322832107544
mnist_3v5,angular,none,z0,100,4,0.9347826086956522,0.94,1.9769608974456787
mnist_3v5,angular,none,z0,200,0,0.9021739130434783,0.94,1.9136404991149902
mnist_3v5,angular,none,z0,200,1,0.9347826086956522,0.93,1.8576946258544922
mnist_3v5,angular,none,z0,200,2,0.9130434782608695,0.925,2.247666597366333
mnist_3v5,angular,none,z0,200,3,0.9565217391304348,0.93,1.9092342853546143
mnist_3v5,angular,none,z0,200,4,0.9565217391304348,0.935,2.323742628097534
mnist_3v5,angular,none,multi,50,0,0.9347826086956522,0.98,1.8575232028961182
mnist_3v5,angular,none,multi,50,1,0.9782608695652174,1.0,1.5607807636260986
mnist_3v5,angular,none,multi,50,2,0.9347826086956522,1.0,1.7111895084381104
mnist_3v5,angular,none,multi,50,3,0.967391304347826,1.0,1.4067411422729492
mnist_3v5,angular,none,multi,50,4,0.9891304347826086,1.0,1.344301700592041
mnist_3v5,angular,none,multi,100,0,0.9565217391304348,0.99,2.120762825012207
mnist_3v5,angular,none,multi,100,1,0.9782608695652174,0.99,3.9931368827819824
mnist_3v5,angular,none,multi,100,2,0.9239130434782609,1.0,3.148216724395752
mnist_3v5,angular,none,multi,100,3,0.967391304347826,1.0,4.016829013824463
mnist_3v5,angular,none,multi,100,4,0.9891304347826086,0.96,4.861374378204346
mnist_3v5,angular,none,multi,200,0,0.967391304347826,0.985,3.543851137161255
mnist_3v5,angular,none,multi,200,1,0.9891304347826086,0.985,3.3508381843566895
mnist_3v5,angular,none,multi,200,2,0.9347826086956522,0.995,3.778658390045166
mnist_3v5,angular,none,multi,200,3,0.967391304347826,0.995,3.701240301132202
mnist_3v5,angular,none,multi,200,4,0.9891304347826086,0.975,3.6200859546661377
mnist_3v5,amplitude,ring,z0,50,0,0.9782608695652174,0.96,3.0808277130126953
mnist_3v5,amplitude,ring,z0,50,1,0.9891304347826086,1.0,2.499129056930542
mnist_3v5,amplitude,ring,z0,50,2,0.9565217391304348,0.98,3.260397434234619
mnist_3v5,amplitude,ring,z0,50,3,0.8695652173913043,1.0,2.865955114364624
mnist_3v5,amplitude,ring,z0,50,4,0.9891304347826086,0.96,2.5732507705688477
mnist_3v5,amplitude,ring,z0,100,0,0.9782608695652174,0.98,1.8999049663543701
mnist_3v5,amplitude,ring,z0,100,1,0.9782608695652174,1.0,2.0987918376922607
mnist_3v5,amplitude,ring,z0,100,2,0.9565217391304348,0.98,1.8248412609100342
mnist_3v5,amplitude,ring,z0,100,3,0.9130434782608695,0.99,1.7821996212005615
mnist_3v5,amplitude,ring,z0,100,4,0.9782608695652174,0.95,2.917387008666992
mnist_3v5,amplitude,ring,z0,200,0,0.9782608695652174,0.985,2.503870964050293
mnist_3v5,amplitude,ring,z0,200,1,0.9782608695652174,0.97,2.580960273742676
mnist_3v5,amplitude,ring,z0,200,2,0.9456521739130435,0.985,2.5284531116485596
mnist_3v5,amplitude,ring,z0,200,3,0.9347826086956522,0.985,2.3634512424468994
mnist_3v5,amplitude,ring,z0,200,4,0.9782608695652174,0.96,2.0404298305511475
mnist_3v5,amplitude,ring,multi,50,0,0.9565217391304348,0.98,2.523916006088257
mnist_3v5,amplitude,ring,multi,50,1,1.0,1.0,2.23539662361145
mnist_3v5,amplitude,ring,multi,50,2,0.967391304347826,0.98,2.0899124145507812
mnist_3v5,amplitude,ring,multi,50,3,0.9565217391304348,1.0,1.4997766017913818
mnist_3v5,amplitude,ring,multi,50,4,1.0,1.0,1.4358375072479248
mnist_3v5,amplitude,ring,multi,100,0,0.9782608695652174,0.98,1.650376319885254
mnist_3v5,amplitude,ring,multi,100,1,1.0,1.0,1.5487163066864014
mnist_3v5,amplitude,ring,multi,100,2,0.967391304347826,1.0,1.6270434856414795
mnist_3v5,amplitude,ring,multi,100,3,0.9565217391304348,1.0,1.7706639766693115
mnist_3v5,amplitude,ring,multi,100,4,1.0,0.97,1.6427972316741943
mnist_3v5,amplitude,ring,multi,200,0,0.9782608695652174,0.99,1.662569284439087
mnist_3v5,amplitude,ring,multi,200,1,1.0,0.99,1.594343662261963
mnist_3v5,amplitude,ring,multi,200,2,0.967391304347826,0.995,1.7314960956573486
mnist_3v5,amplitude,ring,multi,200,3,0.967391304347826,0.995,1.5626263618469238
mnist_3v5,amplitude,ring,multi,200,4,1.0,0.975,1.6768527030944824
mnist_3v5,amplitude,all_to_all,z0,50,0,0.967391304347826,0.94,1.7211952209472656
mnist_3v5,amplitude,all_to_all,z0,50,1,0.9891304347826086,1.0,1.6267268657684326
mnist_3v5,amplitude,all_to_all,z0,50,2,0.9782608695652174,0.96,3.2816736698150635
mnist_3v5,amplitude,all_to_all,z0,50,3,0.9021739130434783,1.0,2.550583839416504
mnist_3v5,amplitude,all_to_all,z0,50,4,0.9782608695652174,0.94,3.3898632526397705
mnist_3v5,amplitude,all_to_all,z0,100,0,0.9782608695652174,0.96,2.812185287475586
mnist_3v5,amplitude,all_to_all,z0,100,1,0.9891304347826086,1.0,3.403887987136841
mnist_3v5,amplitude,all_to_all,z0,100,2,0.967391304347826,0.98,3.1366772651672363
mnist_3v5,amplitude,all_to_all,z0,100,3,0.9021739130434783,1.0,2.8691563606262207
mnist_3v5,amplitude,all_to_all,z0,100,4,0.9891304347826086,0.96,4.325568675994873
mnist_3v5,amplitude,all_to_all,z0,200,0,0.967391304347826,0.985,3.59088397026062
mnist_3v5,amplitude,all_to_all,z0,200,1,0.9891304347826086,0.98,3.6691343784332275
mnist_3v5,amplitude,all_to_all,z0,200,2,0.9782608695652174,0.985,2.872022867202759
mnist_3v5,amplitude,all_to_all,z0,200,3,0.9456521739130435,0.995,2.556438684463501
mnist_3v5,amplitude,all_to_all,z0,200,4,1.0,0.98,2.527730941772461
mnist_3v5,amplitude,all_to_all,multi,50,0,0.9782608695652174,0.96,2.2694003582000732
mnist_3v5,amplitude,all_to_all,multi,50,1,0.9891304347826086,1.0,2.293002128601074
mnist_3v5,amplitude,all_to_all,multi,50,2,0.967391304347826,0.98,1.5009329319000244
mnist_3v5,amplitude,all_to_all,multi,50,3,0.9565217391304348,1.0,1.5345020294189453
mnist_3v5,amplitude,all_to_all,multi,50,4,1.0,1.0,1.8010175228118896
mnist_3v5,amplitude,all_to_all,multi,100,0,0.9891304347826086,0.98,1.7639923095703125
mnist_3v5,amplitude,all_to_all,multi,100,1,0.9891304347826086,1.0,2.17961049079895
mnist_3v5,amplitude,all_to_all,multi,100,2,0.9456521739130435,0.98,1.8898398876190186
mnist_3v5,amplitude,all_to_all,multi,100,3,0.967391304347826,1.0,1.5062940120697021
mnist_3v5,amplitude,all_to_all,multi,100,4,1.0,0.97,1.7008097171783447
mnist_3v5,amplitude,all_to_all,multi,200,0,0.9891304347826086,0.99,1.7855896949768066
mnist_3v5,amplitude,all_to_all,multi,200,1,0.9891304347826086,0.98,1.7696466445922852
mnist_3v5,amplitude,all_to_all,multi,200,2,0.9456521739130435,0.995,1.627833604812622
mnist_3v5,amplitude,all_to_all,multi,200,3,0.9782608695652174,0.995,1.845956563949585
mnist_3v5,amplitude,all_to_all,multi,200,4,1.0,0.97,1.8975930213928223
mnist_3v5,amplitude,none,z0,50,0,0.5652173913043478,0.66,1.0972332954406738
mnist_3v5,amplitude,none,z0,50,1,0.5869565217391305,0.66,1.1637811660766602
mnist_3v5,amplitude,none,z0,50,2,0.5652173913043478,0.56,1.2380540370941162
mnist_3v5,amplitude,none,z0,50,3,0.5978260869565217,0.58,1.2495355606079102
mnist_3v5,amplitude,none,z0,50,4,0.5760869565217391,0.64,1.1359777450561523
mnist_3v5,amplitude,none,z0,100,0,0.5,0.5,1.2800424098968506
mnist_3v5,amplitude,none,z0,100,1,0.6086956521739131,0.62,1.138415813446045
mnist_3v5,amplitude,none,z0,100,2,0.6195652173913043,0.62,1.3026306629180908
mnist_3v5,amplitude,none,z0,100,3,0.5760869565217391,0.54,1.204023838043213
mnist_3v5,amplitude,none,z0,100,4,0.6195652173913043,0.6,1.2805101871490479
mnist_3v5,amplitude,none,z0,200,0,0.5652173913043478,0.63,1.615919589996338
mnist_3v5,amplitude,none,z0,200,1,0.6195652173913043,0.61,2.7801668643951416
mnist_3v5,amplitude,none,z0,200,2,0.5760869565217391,0.57,2.2601513862609863
mnist_3v5,amplitude,none,z0,200,3,0.5434782608695652,0.545,2.160701036453247
mnist_3v5,amplitude,none,z0,200,4,0.6304347826086957,0.595,2.2139434814453125
mnist_3v5,amplitude,none,multi,50,0,0.9891304347826086,0.98,1.7407100200653076
mnist_3v5,amplitude,none,multi,50,1,1.0,1.0,1.5781276226043701
mnist_3v5,amplitude,none,multi,50,2,0.9565217391304348,1.0,1.9378981590270996
mnist_3v5,amplitude,none,multi,50,3,0.9565217391304348,1.0,1.7153289318084717
mnist_3v5,amplitude,none,multi,50,4,0.9456521739130435,0.96,1.3854193687438965
mnist_3v5,amplitude,none,multi,100,0,0.9891304347826086,0.97,1.4990687370300293
mnist_3v5,amplitude,none,multi,100,1,1.0,0.97,1.590569257736206
mnist_3v5,amplitude,none,multi,100,2,0.9565217391304348,1.0,1.651465654373169
mnist_3v5,amplitude,none,multi,100,3,0.9565217391304348,0.99,1.3637089729309082
mnist_3v5,amplitude,none,multi,100,4,0.967391304347826,0.96,1.2737717628479004
mnist_3v5,amplitude,none,multi,200,0,0.9891304347826086,0.98,2.1463797092437744
mnist_3v5,amplitude,none,multi,200,1,0.9891304347826086,0.985,3.416867733001709
mnist_3v5,amplitude,none,multi,200,2,0.9565217391304348,1.0,2.5711896419525146
mnist_3v5,amplitude,none,multi,200,3,0.9565217391304348,0.985,1.7819485664367676
mnist_3v5,amplitude,none,multi,200,4,1.0,0.96,2.2581350803375244
mnist_4v9,angular,ring,z0,50,0,0.8901098901098901,0.96,1.8450844287872314
mnist_4v9,angular,ring,z0,50,1,0.8901098901098901,0.94,1.4531855583190918
mnist_4v9,angular,ring,z0,50,2,0.8901098901098901,0.96,2.111325979232788
mnist_4v9,angular,ring,z0,50,3,0.9120879120879121,0.98,1.812709093093872
mnist_4v9,angular,ring,z0,50,4,0.8681318681318682,0.98,1.448864221572876
mnist_4v9,angular,ring,z0,100,0,0.9010989010989011,0.95,2.1940951347351074
mnist_4v9,angular,ring,z0,100,1,0.8901098901098901,0.92,2.1778182983398438
mnist_4v9,angular,ring,z0,100,2,0.8901098901098901,0.96,2.1115682125091553
mnist_4v9,angular,ring,z0,100,3,0.9120879120879121,0.95,2.2224838733673096
mnist_4v9,angular,ring,z0,100,4,0.8791208791208791,0.92,2.6495816707611084
mnist_4v9,angular,ring,z0,200,0,0.9010989010989011,0.935,2.9948415756225586
mnist_4v9,angular,ring,z0,200,1,0.9010989010989011,0.925,3.1647305488586426
mnist_4v9,angular,ring,z0,200,2,0.9230769230769231,0.93,2.96299409866333
mnist_4v9,angular,ring,z0,200,3,0.9230769230769231,0.93,2.4458107948303223
mnist_4v9,angular,ring,z0,200,4,0.8791208791208791,0.94,2.173997163772583
mnist_4v9,angular,ring,multi,50,0,0.9560439560439561,1.0,1.7776098251342773
mnist_4v9,angular,ring,multi,50,1,0.967032967032967,0.98,1.620664119720459
mnist_4v9,angular,ring,multi,50,2,0.967032967032967,0.98,1.8470401763916016
mnist_4v9,angular,ring,multi,50,3,0.945054945054945,1.0,1.7446799278259277
mnist_4v9,angular,ring,multi,50,4,0.8901098901098901,1.0,1.6085145473480225
mnist_4v9,angular,ring,multi,100,0,0.9560439560439561,1.0,2.1890642642974854
mnist_4v9,angular,ring,multi,100,1,0.978021978021978,0.99,2.2391464710235596
mnist_4v9,angular,ring,multi,100,2,0.967032967032967,0.98,2.4075839519500732
mnist_4v9,angular,ring,multi,100,3,0.945054945054945,1.0,2.3318231105804443
mnist_4v9,angular,ring,multi,100,4,0.945054945054945,0.99,2.516526699066162
mnist_4v9,angular,ring,multi,200,0,0.945054945054945,0.975,2.8690781593322754
mnist_4v9,angular,ring,multi,200,1,0.978021978021978,0.98,2.370640993118286
mnist_4v9,angular,ring,multi,200,2,0.967032967032967,0.98,2.373068332672119
mnist_4v9,angular,ring,multi,200,3,0.967032967032967,0.985,2.344876289367676
mnist_4v9,angular,ring,multi,200,4,0.967032967032967,0.99,2.3580358028411865
mnist_4v9,angular,all_to_all,z0,50,0,0.9010989010989011,0.98,1.5395174026489258
mnist_4v9,angular,all_to_all,z0,50,1,0.945054945054945,0.98,1.6435015201568604
mnist_4v9,angular,all_to_all,z0,50,2,0.8901098901098901,0.96,1.5875611305236816
mnist_4v9,angular,all_to_all,z0,50,3,0.9120879120879121,0.98,1.6113171577453613
mnist_4v9,angular,all_to_all,z0,50,4,0.8681318681318682,0.98,1.7046740055084229
mnist_4v9,angular,all_to_all,z0,100,0,0.9010989010989011,0.95,2.1584606170654297
mnist_4v9,angular,all_to_all,z0,100,1,0.945054945054945,0.97,2.2881126403808594
mnist_4v9,angular,all_to_all,z0,100,2,0.8021978021978022,0.92,2.1495354175567627
mnist_4v9,angular,all_to_all,z0,100,3,0.9120879120879121,0.96,2.4156265258789062
mnist_4v9,angular,all_to_all,z0,100,4,0.8791208791208791,0.93,2.759174346923828
mnist_4v9,angular,all_to_all,z0,200,0,0.9120879120879121,0.935,2.349213123321533
mnist_4v9,angular,all_to_all,z0,200,1,0.9010989010989011,0.945,2.329667091369629
mnist_4v9,angular,all_to_all,z0,200,2,0.8131868131868132,0.845,2.3052632808685303
mnist_4v9,angular,all_to_all,z0,200,3,0.9120879120879121,0.97,2.317126512527466
mnist_4v9,angular,all_to_all,z0,200,4,0.8791208791208791,0.94,2.4571969509124756
mnist_4v9,angular,all_to_all,multi,50,0,0.945054945054945,1.0,1.746948480606079
mnist_4v9,angular,all_to_all,multi,50,1,0.9340659340659341,0.98,1.6136763095855713
mnist_4v9,angular,all_to_all,multi,50,2,0.9340659340659341,0.98,1.692824363708496
mnist_4v9,angular,all_to_all,multi,50,3,0.9340659340659341,1.0,1.9050798416137695
mnist_4v9,angular,all_to_all,multi,50,4,0.8791208791208791,1.0,1.8285083770751953
mnist_4v9,angular,all_to_all,multi,100,0,0.967032967032967,1.0,2.29490065574646
mnist_4v9,angular,all_to_all,multi,100,1,0.9120879120879121,0.99,2.439606189727783
mnist_4v9,angular,all_to_all,multi,100,2,0.9560439560439561,0.99,2.3370110988616943
mnist_4v9,angular,all_to_all,multi,100,3,0.945054945054945,1.0,2.353398323059082
mnist_4v9,angular,all_to_all,multi,100,4,0.9230769230769231,0.98,2.4106509685516357
mnist_4v9,angular,all_to_all,multi,200,0,0.9560439560439561,0.98,2.5828795433044434
mnist_4v9,angular,all_to_all,multi,200,1,0.9560439560439561,0.975,2.5099756717681885
mnist_4v9,angular,all_to_all,multi,200,2,0.945054945054945,0.97,2.4475200176239014
mnist_4v9,angular,all_to_all,multi,200,3,0.9560439560439561,0.985,2.4639384746551514
mnist_4v9,angular,all_to_all,multi,200,4,0.9340659340659341,0.975,2.6518499851226807
mnist_4v9,angular,none,z0,50,0,0.6263736263736264,0.6,1.3769502639770508
mnist_4v9,angular,none,z0,50,1,0.6043956043956044,0.48,1.249823808670044
mnist_4v9,angular,none,z0,50,2,0.5494505494505495,0.52,1.2938029766082764
mnist_4v9,angular,none,z0,50,3,0.6263736263736264,0.66,1.3353021144866943
mnist_4v9,angular,none,z0,50,4,0.6593406593406593,0.7,1.2485301494598389
mnist_4v9,angular,none,z0,100,0,0.6043956043956044,0.65,1.8636126518249512
mnist_4v9,angular,none,z0,100,1,0.6923076923076923,0.67,1.8111228942871094
mnist_4v9,angular,none,z0,100,2,0.5494505494505495,0.56,1.806786060333252
mnist_4v9,angular,none,z0,100,3,0.5274725274725275,0.57,1.8013629913330078
mnist_4v9,angular,none,z0,100,4,0.5494505494505495,0.54,2.3521695137023926
mnist_4v9,angular,none,z0,200,0,0.6153846153846154,0.655,1.9280064105987549
mnist_4v9,angular,none,z0,200,1,0.6813186813186813,0.66,1.8456628322601318
mnist_4v9,angular,none,z0,200,2,0.5824175824175825,0.69,1.8842856884002686
mnist_4v9,angular,none,z0,200,3,0.5604395604395604,0.595,1.8742730617523193
mnist_4v9,angular,none,z0,200,4,0.6153846153846154,0.615,1.8843233585357666
mnist_4v9,angular,none,multi,50,0,0.978021978021978,1.0,1.3788080215454102
mnist_4v9,angular,none,multi,50,1,0.967032967032967,0.98,1.4258546829223633
mnist_4v9,angular,none,multi,50,2,0.9560439560439561,0.98,1.4308245182037354
mnist_4v9,angular,none,multi,50,3,0.9560439560439561,1.0,1.6624832153320312
mnist_4v9,angular,none,multi,50,4,0.9010989010989011,1.0,1.4380035400390625
mnist_4v9,angular,none,multi,100,0,0.978021978021978,0.99,1.9327754974365234
mnist_4v9,angular,none,multi,100,1,0.967032967032967,0.99,1.9638099670410156
mnist_4v9,angular,none,multi,100,2,0.978021978021978,0.97,1.9766719341278076
mnist_4v9,angular,none,multi,100,3,0.9560439560439561,0.99,2.091888666152954
mnist_4v9,angular,none,multi,100,4,0.967032967032967,0.99,1.8934264183044434
mnist_4v9,angular,none,multi,200,0,0.9560439560439561,0.975,2.1271462440490723
mnist_4v9,angular,none,multi,200,1,0.967032967032967,0.98,2.005114793777466
mnist_4v9,angular,none,multi,200,2,0.967032967032967,0.98,2.0154881477355957
mnist_4v9,angular,none,multi,200,3,0.9560439560439561,0.985,2.129403591156006
mnist_4v9,angular,none,multi,200,4,0.9560439560439561,0.99,2.135998010635376
mnist_4v9,amplitude,ring,z0,50,0,0.978021978021978,1.0,1.3595075607299805
mnist_4v9,amplitude,ring,z0,50,1,0.978021978021978,0.98,1.2540614604949951
mnist_4v9,amplitude,ring,z0,50,2,0.967032967032967,0.96,1.3810162544250488
mnist_4v9,amplitude,ring,z0,50,3,0.9340659340659341,1.0,1.4806466102600098
mnist_4v9,amplitude,ring,z0,50,4,0.945054945054945,1.0,1.340003252029419
mnist_4v9,amplitude,ring,z0,100,0,0.978021978021978,0.98,1.3720276355743408
mnist_4v9,amplitude,ring,z0,100,1,0.978021978021978,0.99,1.3665192127227783
mnist_4v9,amplitude,ring,z0,100,2,0.967032967032967,0.98,1.3121559619903564
mnist_4v9,amplitude,ring,z0,100,3,0.9230769230769231,1.0,1.2800705432891846
mnist_4v9,amplitude,ring,z0,100,4,0.967032967032967,1.0,1.3171939849853516
mnist_4v9,amplitude,ring,z0,200,0,0.989010989010989,0.96,1.4345664978027344
mnist_4v9,amplitude,ring,z0,200,1,0.978021978021978,0.975,1.5273082256317139
mnist_4v9,amplitude,ring,z0,200,2,0.967032967032967,0.98,1.3591341972351074
mnist_4v9,amplitude,ring,z0,200,3,0.9560439560439561,0.99,1.3676879405975342
mnist_4v9,amplitude,ring,z0,200,4,0.9560439560439561,0.99,1.6373791694641113
mnist_4v9,amplitude,ring,multi,50,0,0.978021978021978,1.0,1.364736557006836
mnist_4v9,amplitude,ring,multi,50,1,0.967032967032967,0.98,1.3343310356140137
mnist_4v9,amplitude,ring,multi,50,2,0.967032967032967,1.0,1.653167724609375
mnist_4v9,amplitude,ring,multi,50,3,0.967032967032967,1.0,1.5668871402740479
mnist_4v9,amplitude,ring,multi,50,4,0.9340659340659341,1.0,1.5134847164154053
mnist_4v9,amplitude,ring,multi,100,0,0.989010989010989,0.98,1.6014599800109863
mnist_4v9,amplitude,ring,multi,100,1,0.978021978021978,0.99,1.5062124729156494
mnist_4v9,amplitude,ring,multi,100,2,0.9560439560439561,0.98,1.4354703426361084
mnist_4v9,amplitude,ring,multi,100,3,0.967032967032967,1.0,1.495025634765625
mnist_4v9,amplitude,ring,multi,100,4,0.978021978021978,1.0,1.4587023258209229
mnist_4v9,amplitude,ring,multi,200,0,0.989010989010989,0.965,1.575249195098877
mnist_4v9,amplitude,ring,multi,200,1,0.978021978021978,0.975,1.4450924396514893
mnist_4v9,amplitude,ring,multi,200,2,0.967032967032967,0.97,1.478363275527954
mnist_4v9,amplitude,ring,multi,200,3,0.945054945054945,0.995,1.508094310760498
mnist_4v9,amplitude,ring,multi,200,4,0.978021978021978,0.995,1.538710117340088
mnist_4v9,amplitude,all_to_all,z0,50,0,0.967032967032967,0.98,1.3940212726593018
mnist_4v9,amplitude,all_to_all,z0,50,1,0.989010989010989,0.98,1.4908571243286133
mnist_4v9,amplitude,all_to_all,z0,50,2,0.9340659340659341,0.98,1.4069054126739502
mnist_4v9,amplitude,all_to_all,z0,50,3,0.978021978021978,1.0,1.418858528137207
mnist_4v9,amplitude,all_to_all,z0,50,4,0.967032967032967,1.0,1.3781704902648926
mnist_4v9,amplitude,all_to_all,z0,100,0,0.978021978021978,0.97,1.3994619846343994
mnist_4v9,amplitude,all_to_all,z0,100,1,0.978021978021978,0.98,1.5437960624694824
mnist_4v9,amplitude,all_to_all,z0,100,2,0.9560439560439561,0.97,1.5474412441253662
mnist_4v9,amplitude,all_to_all,z0,100,3,0.967032967032967,1.0,1.3902053833007812
mnist_4v9,amplitude,all_to_all,z0,100,4,0.978021978021978,0.99,1.5193252563476562
mnist_4v9,amplitude,all_to_all,z0,200,0,0.9560439560439561,0.95,1.5426154136657715
mnist_4v9,amplitude,all_to_all,z0,200,1,0.978021978021978,0.985,1.417942762374878
mnist_4v9,amplitude,all_to_all,z0,200,2,0.989010989010989,0.97,1.7324244976043701
mnist_4v9,amplitude,all_to_all,z0,200,3,0.9560439560439561,0.99,1.548628807067871
mnist_4v9,amplitude,all_to_all,z0,200,4,0.978021978021978,0.985,1.4595146179199219
mnist_4v9,amplitude,all_to_all,multi,50,0,0.978021978021978,1.0,1.544806718826294
mnist_4v9,amplitude,all_to_all,multi,50,1,0.989010989010989,1.0,1.5395257472991943
mnist_4v9,amplitude,all_to_all,multi,50,2,0.9340659340659341,0.98,1.5090453624725342
mnist_4v9,amplitude,all_to_all,multi,50,3,0.9560439560439561,1.0,1.4446802139282227
mnist_4v9,amplitude,all_to_all,multi,50,4,0.9340659340659341,1.0,1.528761625289917
mnist_4v9,amplitude,all_to_all,multi,100,0,0.989010989010989,1.0,1.6513493061065674
mnist_4v9,amplitude,all_to_all,multi,100,1,0.989010989010989,0.99,1.4861176013946533
mnist_4v9,amplitude,all_to_all,multi,100,2,0.967032967032967,0.99,1.6364545822143555
mnist_4v9,amplitude,all_to_all,multi,100,3,0.9560439560439561,1.0,1.594357967376709
mnist_4v9,amplitude,all_to_all,multi,100,4,0.9560439560439561,1.0,1.574997901916504
mnist_4v9,amplitude,all_to_all,multi,200,0,0.978021978021978,0.97,1.6814651489257812
mnist_4v9,amplitude,all_to_all,multi,200,1,0.978021978021978,0.98,1.64064359664917
mnist_4v9,amplitude,all_to_all,multi,200,2,0.967032967032967,0.98,1.614882230758667
mnist_4v9,amplitude,all_to_all,multi,200,3,0.9560439560439561,0.99,2.000436544418335
mnist_4v9,amplitude,all_to_all,multi,200,4,0.945054945054945,1.0,1.737581491470337
mnist_4v9,amplitude,none,z0,50,0,0.945054945054945,0.98,1.1427183151245117
mnist_4v9,amplitude,none,z0,50,1,0.967032967032967,0.94,1.1270570755004883
mnist_4v9,amplitude,none,z0,50,2,0.9340659340659341,0.92,1.1071720123291016
mnist_4v9,amplitude,none,z0,50,3,0.9120879120879121,0.92,1.1889042854309082
mnist_4v9,amplitude,none,z0,50,4,0.9560439560439561,1.0,1.125272274017334
mnist_4v9,amplitude,none,z0,100,0,0.945054945054945,0.95,1.0893874168395996
mnist_4v9,amplitude,none,z0,100,1,0.967032967032967,0.95,1.138641357421875
mnist_4v9,amplitude,none,z0,100,2,0.9340659340659341,0.92,1.0853769779205322
mnist_4v9,amplitude,none,z0,100,3,0.9120879120879121,0.95,1.0956850051879883
mnist_4v9,amplitude,none,z0,100,4,0.9560439560439561,0.98,1.1402411460876465
mnist_4v9,amplitude,none,z0,200,0,0.945054945054945,0.945,1.2097086906433105
mnist_4v9,amplitude,none,z0,200,1,0.967032967032967,0.935,1.1477797031402588
mnist_4v9,amplitude,none,z0,200,2,0.9340659340659341,0.945,1.0902750492095947
mnist_4v9,amplitude,none,z0,200,3,0.9120879120879121,0.96,1.1084644794464111
mnist_4v9,amplitude,none,z0,200,4,0.9560439560439561,0.97,1.1696152687072754
mnist_4v9,amplitude,none,multi,50,0,0.978021978021978,1.0,1.1979990005493164
mnist_4v9,amplitude,none,multi,50,1,0.989010989010989,0.96,1.218674898147583
mnist_4v9,amplitude,none,multi,50,2,0.978021978021978,0.96,1.2089321613311768
mnist_4v9,amplitude,none,multi,50,3,0.9560439560439561,1.0,1.2278492450714111
mnist_4v9,amplitude,none,multi,50,4,0.9560439560439561,0.98,1.299229383468628
mnist_4v9,amplitude,none,multi,100,0,0.978021978021978,1.0,1.2300171852111816
mnist_4v9,amplitude,none,multi,100,1,0.989010989010989,0.98,1.2118031978607178
mnist_4v9,amplitude,none,multi,100,2,0.978021978021978,0.97,1.301401138305664
mnist_4v9,amplitude,none,multi,100,3,0.978021978021978,1.0,1.2270922660827637
mnist_4v9,amplitude,none,multi,100,4,0.9560439560439561,0.98,1.210510492324829
mnist_4v9,amplitude,none,multi,200,0,0.978021978021978,0.97,1.3633828163146973
mnist_4v9,amplitude,none,multi,200,1,1.0,0.97,1.361548662185669
mnist_4v9,amplitude,none,multi,200,2,0.989010989010989,0.965,1.2419044971466064
mnist_4v9,amplitude,none,multi,200,3,0.978021978021978,0.975,1.3233239650726318
mnist_4v9,amplitude,none,multi,200,4,0.945054945054945,0.99,1.3105645179748535
