dataset,encoding,topology,multi,z0,z0_original
mnist_0v1,amplitude,all_to_all,1.0,0.9955555555555555,0.9955556
mnist_0v1,amplitude,none,0.8377777777777777,0.4911111111111111,0.491111
mnist_0v1,amplitude,ring,1.0,0.9874074074074073,0.9874075333333334
mnist_0v1,angular,all_to_all,0.9577777777777778,0.8866666666666667,0.8866667333333333
mnist_0v1,angular,none,0.9681481481481481,0.8622222222222222,0.8622222666666667
mnist_0v1,angular,ring,0.9614814814814815,0.8948148148148148,0.8948148
mnist_3v5,amplitude,all_to_all,0.9789855072463768,0.9681159420289855,0.9681158
mnist_3v5,amplitude,none,0.9739130434782609,0.5833333333333334,0.5833332666666667
mnist_3v5,amplitude,ring,0.9797101449275362,0.9601449275362319,0.9601449333333334
mnist_3v5,angular,all_to_all,0.9565217391304348,0.9159420289855073,0.9159421333333333
mnist_3v5,angular,none,0.9644927536231884,0.9282608695652175,0.9282609333333334
mnist_3v5,angular,ring,0.9550724637681159,0.9442028985507246,0.9442028666666666
mnist_4v9,amplitude,all_to_all,0.9648351648351648,0.96996336996337,0.9699633999999999
mnist_4v9,amplitude,none,0.9750915750915751,0.9428571428571428,0.9428572000000001
mnist_4v9,amplitude,ring,0.9692307692307692,0.9641025641025641,0.9641026
mnist_4v9,angular,all_to_all,0.9384615384615385,0.8915750915750916,0.8915752
mnist_4v9,angular,none,0.9604395604395605,0.6029304029304029,0.6029308
mnist_4v9,angular,ring,0.956043956043956,0.8967032967032967,0.8967034
