dataset,encoding,train_size,seed,ceiling_train,ceiling_test,bloch_norm_mean
mnist_0v1,angular,50,0,0.88,0.8888888888888888,1.0
mnist_0v1,angular,50,1,0.94,0.8444444444444444,1.0
mnist_0v1,angular,50,2,0.88,0.8777777777777778,1.0
mnist_0v1,angular,50,3,0.92,0.9,1.0
mnist_0v1,angular,50,4,0.88,0.9,1.0
mnist_0v1,angular,50,5,0.84,0.9,1.0
mnist_0v1,angular,50,6,0.96,0.8222222222222222,1.0
mnist_0v1,angular,50,7,0.9,0.8555555555555555,1.0
mnist_0v1,angular,50,8,0.82,0.8888888888888888,1.0
mnist_0v1,angular,50,9,0.92,0.8666666666666667,1.0
mnist_0v1,angular,100,0,0.89,0.8888888888888888,1.0
mnist_0v1,angular,100,1,0.94,0.8333333333333334,1.0
mnist_0v1,angular,100,2,0.89,0.8777777777777778,1.0
mnist_0v1,angular,100,3,0.94,0.9,1.0
mnist_0v1,angular,100,4,0.94,0.9,1.0
mnist_0v1,angular,100,5,0.86,0.9111111111111111,1.0
mnist_0v1,angular,100,6,0.92,0.8222222222222222,1.0
mnist_0v1,angular,100,7,0.89,0.8888888888888888,1.0
mnist_0v1,angular,100,8,0.85,0.8888888888888888,1.0
mnist_0v1,angular,100,9,0.92,0.8555555555555555,1.0
mnist_0v1,angular,200,0,0.9,0.8555555555555555,1.0
mnist_0v1,angular,200,1,0.89,0.8444444444444444,1.0
mnist_0v1,angular,200,2,0.89,0.8777777777777778,1.0
mnist_0v1,angular,200,3,0.895,0.9,1.0
mnist_0v1,angular,200,4,0.89,0.9,1.0
mnist_0v1,angular,200,5,0.89,0.9222222222222223,1.0
mnist_0v1,angular,200,6,0.92,0.8111111111111111,1.0
mnist_0v1,angular,200,7,0.88,0.8777777777777778,1.0
mnist_0v1,angular,200,8,0.87,0.8888888888888888,1.0
mnist_0v1,angular,200,9,0.92,0.8666666666666667,1.0
mnist_0v1,amplitude,50,0,0.62,0.6222222222222222,0.8897119893319274
mnist_0v1,amplitude,50,1,0.72,0.5333333333333333,0.8781555638475814
mnist_0v1,amplitude,50,2,0.58,0.5555555555555556,0.873567873241398
mnist_0v1,amplitude,50,3,0.64,0.5888888888888889,0.8942031241309016
mnist_0v1,amplitude,50,4,0.66,0.5888888888888889,0.881122675515265
mnist_0v1,amplitude,50,5,0.68,0.4111111111111111,0.8917985434854027
mnist_0v1,amplitude,50,6,0.62,0.5666666666666667,0.8869303898387509
mnist_0v1,amplitude,50,7,0.66,0.43333333333333335,0.8847074769910094
mnist_0v1,amplitude,50,8,0.64,0.5222222222222223,0.8879176501883462
mnist_0v1,amplitude,50,9,0.68,0.4444444444444444,0.8877267877159009
mnist_0v1,amplitude,100,0,0.63,0.6111111111111112,0.8897119893319274
mnist_0v1,amplitude,100,1,0.6,0.5333333333333333,0.8781555638475814
mnist_0v1,amplitude,100,2,0.57,0.5444444444444444,0.873567873241398
mnist_0v1,amplitude,100,3,0.61,0.6,0.8942031241309016
mnist_0v1,amplitude,100,4,0.6,0.5666666666666667,0.881122675515265
mnist_0v1,amplitude,100,5,0.56,0.4666666666666667,0.8929385919975944
mnist_0v1,amplitude,100,6,0.61,0.5888888888888889,0.8869303898387509
mnist_0v1,amplitude,100,7,0.68,0.43333333333333335,0.8847074769910094
mnist_0v1,amplitude,100,8,0.61,0.4666666666666667,0.8879176501883462
mnist_0v1,amplitude,100,9,0.64,0.4888888888888889,0.8877267877159009
mnist_0v1,amplitude,200,0,0.58,0.5222222222222223,0.8897119893319274
mnist_0v1,amplitude,200,1,0.59,0.5444444444444444,0.8781555638475814
mnist_0v1,amplitude,200,2,0.545,0.5666666666666667,0.873567873241398
mnist_0v1,amplitude,200,3,0.57,0.5333333333333333,0.8942031241309016
mnist_0v1,amplitude,200,4,0.57,0.5777777777777777,0.881122675515265
mnist_0v1,amplitude,200,5,0.57,0.5,0.8929385919975944
mnist_0v1,amplitude,200,6,0.585,0.5777777777777777,0.8869303898387509
mnist_0v1,amplitude,200,7,0.615,0.4444444444444444,0.8847074769910094
mnist_0v1,amplitude,200,8,0.575,0.5111111111111111,0.8879176501883462
mnist_0v1,amplitude,200,9,0.585,0.4666666666666667,0.8877267877159009
mnist_3v5,angular,50,0,0.98,0.9130434782608695,1.0
mnist_3v5,angular,50,1,1.0,0.9456521739130435,1.0
mnist_3v5,angular,50,2,0.98,0.9347826086956522,1.0
mnist_3v5,angular,50,3,0.96,0.9782608695652174,1.0
mnist_3v5,angular,50,4,0.96,0.9891304347826086,1.0
mnist_3v5,angular,50,5,0.96,0.967391304347826,1.0
mnist_3v5,angular,50,6,1.0,0.9565217391304348,1.0
mnist_3v5,angular,50,7,0.98,0.9239130434782609,1.0
mnist_3v5,angular,50,8,0.98,0.9456521739130435,1.0
mnist_3v5,angular,50,9,0.92,0.967391304347826,1.0
mnist_3v5,angular,100,0,0.98,0.9239130434782609,1.0
mnist_3v5,angular,100,1,0.99,0.9456521739130435,1.0
mnist_3v5,angular,100,2,0.99,0.9130434782608695,1.0
mnist_3v5,angular,100,3,0.96,0.9782608695652174,1.0
mnist_3v5,angular,100,4,0.95,0.9891304347826086,1.0
mnist_3v5,angular,100,5,0.97,0.967391304347826,1.0
mnist_3v5,angular,100,6,0.97,0.9565217391304348,1.0
mnist_3v5,angular,100,7,0.98,0.9347826086956522,1.0
mnist_3v5,angular,100,8,0.99,0.9456521739130435,1.0
mnist_3v5,angular,100,9,0.96,0.967391304347826,1.0
mnist_3v5,angular,200,0,0.975,0.9239130434782609,1.0
mnist_3v5,angular,200,1,0.97,0.9347826086956522,1.0
mnist_3v5,angular,200,2,0.97,0.9130434782608695,1.0
mnist_3v5,angular,200,3,0.97,0.967391304347826,1.0
mnist_3v5,angular,200,4,0.955,0.9782608695652174,1.0
mnist_3v5,angular,200,5,0.975,0.967391304347826,1.0
mnist_3v5,angular,200,6,0.98,0.9565217391304348,1.0
mnist_3v5,angular,200,7,0.96,0.9456521739130435,1.0
mnist_3v5,angular,200,8,0.98,0.9456521739130435,1.0
mnist_3v5,angular,200,9,0.955,0.967391304347826,1.0
mnist_3v5,amplitude,50,0,0.66,0.5652173913043478,0.5867178671805915
mnist_3v5,amplitude,50,1,0.68,0.5543478260869565,0.59873857985914
mnist_3v5,amplitude,50,2,0.62,0.6086956521739131,0.5925655810304395
mnist_3v5,amplitude,50,3,0.62,0.5,0.6158659248281273
mnist_3v5,amplitude,50,4,0.66,0.5760869565217391,0.5807620723491121
mnist_3v5,amplitude,50,5,0.64,0.5434782608695652,0.6048505452494877
mnist_3v5,amplitude,50,6,0.64,0.4891304347826087,0.612481759694088
mnist_3v5,amplitude,50,7,0.7,0.6413043478260869,0.602044300627592
mnist_3v5,amplitude,50,8,0.64,0.6195652173913043,0.5810438768570226
mnist_3v5,amplitude,50,9,0.64,0.6304347826086957,0.5937567923721496
mnist_3v5,amplitude,100,0,0.63,0.5869565217391305,0.5853328230108882
mnist_3v5,amplitude,100,1,0.64,0.6086956521739131,0.5952445884352676
mnist_3v5,amplitude,100,2,0.64,0.6086956521739131,0.5879976273695657
mnist_3v5,amplitude,100,3,0.64,0.5,0.6115237132785024
mnist_3v5,amplitude,100,4,0.63,0.6413043478260869,0.5733055726725239
mnist_3v5,amplitude,100,5,0.62,0.5434782608695652,0.5951915390185131
mnist_3v5,amplitude,100,6,0.61,0.5760869565217391,0.6126558523920764
mnist_3v5,amplitude,100,7,0.63,0.6413043478260869,0.5954652848618509
mnist_3v5,amplitude,100,8,0.62,0.6195652173913043,0.5839738869962332
mnist_3v5,amplitude,100,9,0.66,0.6304347826086957,0.5937567923721496
mnist_3v5,amplitude,200,0,0.645,0.5869565217391305,0.5853328230108882
mnist_3v5,amplitude,200,1,0.615,0.6086956521739131,0.5952445884352676
mnist_3v5,amplitude,200,2,0.615,0.532608695652174,0.5876581211617028
mnist_3v5,amplitude,200,3,0.605,0.6304347826086957,0.609739703093559
mnist_3v5,amplitude,200,4,0.61,0.6086956521739131,0.5710392084354841
mnist_3v5,amplitude,200,5,0.62,0.6086956521739131,0.5951915390185131
mnist_3v5,amplitude,200,6,0.63,0.5869565217391305,0.6126805172400198
mnist_3v5,amplitude,200,7,0.6,0.6413043478260869,0.5946535415808498
mnist_3v5,amplitude,200,8,0.625,0.5978260869565217,0.5867479093583601
mnist_3v5,amplitude,200,9,0.64,0.6304347826086957,0.5938502025803362
mnist_4v9,angular,50,0,0.7,0.6043956043956044,1.0
mnist_4v9,angular,50,1,0.7,0.7032967032967034,1.0
mnist_4v9,angular,50,2,0.64,0.6373626373626373,1.0
mnist_4v9,angular,50,3,0.74,0.6593406593406593,1.0
mnist_4v9,angular,50,4,0.74,0.6263736263736264,1.0
mnist_4v9,angular,50,5,0.84,0.6153846153846154,1.0
mnist_4v9,angular,50,6,0.64,0.7252747252747253,1.0
mnist_4v9,angular,50,7,0.82,0.6923076923076923,1.0
mnist_4v9,angular,50,8,0.7,0.4945054945054945,1.0
mnist_4v9,angular,50,9,0.78,0.5934065934065934,1.0
mnist_4v9,angular,100,0,0.72,0.6483516483516484,1.0
mnist_4v9,angular,100,1,0.7,0.7032967032967034,1.0
mnist_4v9,angular,100,2,0.68,0.5714285714285714,1.0
mnist_4v9,angular,100,3,0.67,0.6483516483516484,1.0
mnist_4v9,angular,100,4,0.69,0.6593406593406593,1.0
mnist_4v9,angular,100,5,0.73,0.6153846153846154,1.0
mnist_4v9,angular,100,6,0.65,0.7142857142857143,1.0
mnist_4v9,angular,100,7,0.77,0.7142857142857143,1.0
mnist_4v9,angular,100,8,0.66,0.6483516483516484,1.0
mnist_4v9,angular,100,9,0.7,0.6813186813186813,1.0
mnist_4v9,angular,200,0,0.695,0.6373626373626373,1.0
mnist_4v9,angular,200,1,0.69,0.7032967032967034,1.0
mnist_4v9,angular,200,2,0.72,0.6263736263736264,1.0
mnist_4v9,angular,200,3,0.695,0.6483516483516484,1.0
mnist_4v9,angular,200,4,0.69,0.6593406593406593,1.0
mnist_4v9,angular,200,5,0.695,0.6483516483516484,1.0
mnist_4v9,angular,200,6,0.695,0.7142857142857143,1.0
mnist_4v9,angular,200,7,0.69,0.7032967032967034,1.0
mnist_4v9,angular,200,8,0.675,0.6703296703296703,1.0
mnist_4v9,angular,200,9,0.67,0.6703296703296703,1.0
mnist_4v9,amplitude,50,0,0.98,0.967032967032967,0.7703797375044623
mnist_4v9,amplitude,50,1,0.96,0.945054945054945,0.7688913896191412
mnist_4v9,amplitude,50,2,0.96,0.9230769230769231,0.7592802103844504
mnist_4v9,amplitude,50,3,0.96,0.9230769230769231,0.755631879656761
mnist_4v9,amplitude,50,4,1.0,0.945054945054945,0.7667487564066244
mnist_4v9,amplitude,50,5,0.98,0.967032967032967,0.773650980993463
mnist_4v9,amplitude,50,6,0.96,0.945054945054945,0.762092642341014
mnist_4v9,amplitude,50,7,0.96,0.9560439560439561,0.7591902551559596
mnist_4v9,amplitude,50,8,0.96,0.9340659340659341,0.7575977844139405
mnist_4v9,amplitude,50,9,1.0,0.9120879120879121,0.771916887896661
mnist_4v9,amplitude,100,0,0.96,0.967032967032967,0.7697320647618028
mnist_4v9,amplitude,100,1,0.96,0.9560439560439561,0.7696855310771793
mnist_4v9,amplitude,100,2,0.97,0.9010989010989011,0.7610525038934657
mnist_4v9,amplitude,100,3,0.97,0.9120879120879121,0.7560733377828328
mnist_4v9,amplitude,100,4,0.98,0.945054945054945,0.7689591146526973
mnist_4v9,amplitude,100,5,0.97,0.9560439560439561,0.7746974399533924
mnist_4v9,amplitude,100,6,0.98,0.945054945054945,0.7673663213224583
mnist_4v9,amplitude,100,7,0.96,0.945054945054945,0.7584174226958471
mnist_4v9,amplitude,100,8,0.97,0.9230769230769231,0.760758297468129
mnist_4v9,amplitude,100,9,0.98,0.9120879120879121,0.7726816512548754
mnist_4v9,amplitude,200,0,0.955,0.967032967032967,0.7697320647618028
mnist_4v9,amplitude,200,1,0.965,0.945054945054945,0.7696330387054637
mnist_4v9,amplitude,200,2,0.965,0.9230769230769231,0.7609942730134958
mnist_4v9,amplitude,200,3,0.975,0.9120879120879121,0.7560733377828328
mnist_4v9,amplitude,200,4,0.975,0.9230769230769231,0.7680764409587245
mnist_4v9,amplitude,200,5,0.965,0.945054945054945,0.7739536555922186
mnist_4v9,amplitude,200,6,0.96,0.945054945054945,0.7673663213224583
mnist_4v9,amplitude,200,7,0.97,0.9560439560439561,0.7601129185266786
mnist_4v9,amplitude,200,8,0.96,0.945054945054945,0.760758297468129
mnist_4v9,amplitude,200,9,0.97,0.9120879120879121,0.7726186923745347
