features,model,train_size,seed,final_acc
16px,svm,50,0,0.99
16px,mlp,50,0,0.9800000190734863
16px,cnn,50,0,0.9900000095367432
4px,svm,50,0,0.98
4px,mlp,50,0,0.9599999785423279
16px,svm,50,1,1.0
16px,mlp,50,1,0.9900000095367432
16px,cnn,50,1,1.0
4px,svm,50,1,0.98
4px,mlp,50,1,0.9599999785423279
16px,svm,50,2,1.0
16px,mlp,50,2,0.9900000095367432
16px,cnn,50,2,1.0
4px,svm,50,2,0.96
4px,mlp,50,2,0.9800000190734863
16px,svm,50,3,0.97
16px,mlp,50,3,0.9399999976158142
16px,cnn,50,3,0.9300000071525574
4px,svm,50,3,0.98
4px,mlp,50,3,0.9399999976158142
16px,svm,50,4,1.0
16px,mlp,50,4,1.0
16px,cnn,50,4,1.0
4px,svm,50,4,0.99
4px,mlp,50,4,0.9900000095367432
16px,svm,100,0,1.0
16px,mlp,100,0,0.9900000095367432
16px,cnn,100,0,0.9800000190734863
4px,svm,100,0,0.98
4px,mlp,100,0,0.949999988079071
16px,svm,100,1,1.0
16px,mlp,100,1,0.9900000095367432
16px,cnn,100,1,1.0
4px,svm,100,1,0.98
4px,mlp,100,1,0.9700000286102295
16px,svm,100,2,1.0
16px,mlp,100,2,1.0
16px,cnn,100,2,1.0
4px,svm,100,2,0.97
4px,mlp,100,2,0.9700000286102295
16px,svm,100,3,0.99
16px,mlp,100,3,0.9900000095367432
16px,cnn,100,3,0.9300000071525574
4px,svm,100,3,0.97
4px,mlp,100,3,0.949999988079071
16px,svm,100,4,1.0
16px,mlp,100,4,1.0
16px,cnn,100,4,1.0
4px,svm,100,4,1.0
4px,mlp,100,4,1.0
16px,svm,200,0,1.0
16px,mlp,200,0,0.9900000095367432
16px,cnn,200,0,0.9900000095367432
4px,svm,200,0,0.98
4px,mlp,200,0,0.9599999785423279
16px,svm,200,1,1.0
16px,mlp,200,1,1.0
16px,cnn,200,1,1.0
4px,svm,200,1,0.99
4px,mlp,200,1,0.9800000190734863
16px,svm,200,2,1.0
16px,mlp,200,2,1.0
16px,cnn,200,2,1.0
4px,svm,200,2,0.98
4px,mlp,200,2,0.9800000190734863
16px,svm,200,3,1.0
16px,mlp,200,3,0.9900000095367432
16px,cnn,200,3,0.9800000190734863
4px,svm,200,3,0.99
4px,mlp,200,3,0.9599999785423279
16px,svm,200,4,1.0
16px,mlp,200,4,1.0
16px,cnn,200,4,1.0
4px,svm,200,4,1.0
4px,mlp,200,4,1.0
16px,svm,400,0,1.0
16px,mlp,400,0,1.0
16px,cnn,400,0,1.0
4px,svm,400,0,0.97
4px,mlp,400,0,0.949999988079071
16px,svm,400,1,1.0
16px,mlp,400,1,1.0
16px,cnn,400,1,1.0
4px,svm,400,1,1.0
4px,mlp,400,1,1.0
16px,svm,400,2,1.0
16px,mlp,400,2,1.0
16px,cnn,400,2,1.0
4px,svm,400,2,0.99
4px,mlp,400,2,0.9800000190734863
16px,svm,400,3,1.0
16px,mlp,400,3,1.0
16px,cnn,400,3,0.9900000095367432
4px,svm,400,3,0.99
4px,mlp,400,3,0.9700000286102295
16px,svm,400,4,1.0
16px,mlp,400,4,1.0
16px,cnn,400,4,1.0
4px,svm,400,4,1.0
4px,mlp,400,4,1.0
