encoding,n_qubits,topology,n_layers,cnot_encoding,cnot_variational,cnot_total,depth_total,gates_total
angular,2,ring,1,0,2,2,6,10
angular,2,ring,3,0,6,6,14,22
angular,2,all_to_all,1,0,1,1,5,9
angular,2,all_to_all,3,0,3,3,11,19
angular,2,none,1,0,0,0,4,8
angular,2,none,3,0,0,0,8,16
angular,4,ring,1,0,4,4,8,20
angular,4,ring,3,0,12,12,20,44
angular,4,all_to_all,1,0,6,6,9,22
angular,4,all_to_all,3,0,18,18,21,50
angular,4,none,1,0,0,0,4,16
angular,4,none,3,0,0,0,8,32
angular,6,ring,1,0,6,6,10,30
angular,6,ring,3,0,18,18,26,66
angular,6,all_to_all,1,0,15,15,13,39
angular,6,all_to_all,3,0,45,45,29,93
angular,6,none,1,0,0,0,4,24
angular,6,none,3,0,0,0,8,48
amplitude,2,ring,1,2,2,4,8,11
amplitude,2,ring,3,2,6,8,16,23
amplitude,2,all_to_all,1,2,1,3,7,10
amplitude,2,all_to_all,3,2,3,5,13,20
amplitude,2,none,1,2,0,2,6,9
amplitude,2,none,3,2,0,2,10,17
amplitude,4,ring,1,14,4,18,32,41
amplitude,4,ring,3,14,12,26,44,65
amplitude,4,all_to_all,1,14,6,20,33,43
amplitude,4,all_to_all,3,14,18,32,45,71
amplitude,4,none,1,14,0,14,28,37
amplitude,4,none,3,14,0,14,32,53
amplitude,6,ring,1,62,6,68,126,140
amplitude,6,ring,3,62,18,80,142,176
amplitude,6,all_to_all,1,62,15,77,129,149
amplitude,6,all_to_all,3,62,45,107,145,203
amplitude,6,none,1,62,0,62,120,134
amplitude,6,none,3,62,0,62,124,158
