dataset,encoding,readout,none,ring,diff,ci95_lo,ci95_hi,ci90_lo,ci90_hi,p_tost
mnist_0v1,amplitude,multi,0.8377777777777776,1.0,-0.16222222222222224,-0.2063798551930649,-0.1180645892513796,-0.1961279197504924,-0.12831652469395208,0.9994282593827771
mnist_0v1,amplitude,probs,0.9896296296296295,0.9977777777777778,-0.008148148148148172,-0.018118012601251544,0.0018217163049552027,-0.015803341277906297,-0.0004929550183900462,0.0018431762859483225
mnist_0v1,amplitude,z0,0.49111111111111105,0.9874074074074073,-0.4962962962962963,-0.5362552217221837,-0.45633737087040893,-0.5269780866888982,-0.4656145059036944,0.9999972946771655
mnist_0v1,amplitude,zz,0.9896296296296295,0.9985185185185186,-0.008888888888888924,-0.022137775127667132,0.004359997349889285,-0.019061823876031253,0.001284046098253406,0.005737362045910577
mnist_0v1,angular,multi,0.968148148148148,0.9614814814814816,0.006666666666666576,0.0016289823654943797,0.011704350967838773,0.002798565306450029,0.010534768026883124,0.00010540806303326752
mnist_0v1,angular,probs,0.9503703703703703,0.9474074074074073,0.002962962962962901,-0.017448467319888864,0.023374393245814664,-0.012709611283639413,0.018635537209565213,0.010623542874293032
mnist_0v1,angular,z0,0.8622222222222222,0.8948148148148147,-0.03259259259259264,-0.07015066041196076,0.004965475226775484,-0.06143092475751194,-0.0037542604276733366,0.5713258871307297
mnist_0v1,angular,zz,0.9733333333333333,0.9637037037037036,0.009629629629629589,0.003459751618078902,0.015799507641180276,0.004892192326681452,0.014367066932577725,0.0003931709167269204
mnist_3v5,amplitude,multi,0.9739130434782609,0.9797101449275363,-0.005797101449275322,-0.026802128915528505,0.015207926016977864,-0.021925459332816036,0.010331256434265395,0.016463901743659637
mnist_3v5,amplitude,probs,0.9717391304347827,0.972463768115942,-0.0007246376811593791,-0.008116891818749115,0.0066676164564303565,-0.0064006559814772145,0.004951380619158456,0.0001943959643688764
mnist_3v5,amplitude,z0,0.5833333333333333,0.9601449275362318,-0.3768115942028986,-0.4223582966348958,-0.3312648917709014,-0.41178386540885575,-0.3418393229969415,0.9999852031992075
mnist_3v5,amplitude,zz,0.9717391304347828,0.9739130434782609,-0.002173913043478226,-0.013465767757430046,0.009117941670473594,-0.010844174212531916,0.006496348125575464,0.001193896117107407
mnist_3v5,angular,multi,0.9644927536231884,0.955072463768116,0.009420289855072483,-0.008462017307247997,0.027302597017392963,-0.004310339641159936,0.0231509193513049,0.016525100502902238
mnist_3v5,angular,probs,0.9659420289855072,0.9565217391304348,0.00942028985507246,-0.009291617498273367,0.028132197208418287,-0.0049473342274611205,0.023787913937606042,0.018947562011139226
mnist_3v5,angular,z0,0.9282608695652176,0.9442028985507246,-0.01594202898550723,-0.04267100736163696,0.010786949390622504,-0.036465426529463815,0.0045813685584493585,0.10900160683896098
mnist_3v5,angular,zz,0.9615942028985508,0.9579710144927536,0.0036231884057970954,-0.009873159400765618,0.017119536212359808,-0.006739755793856989,0.013986132605451179,0.0027969910220745266
mnist_4v9,amplitude,multi,0.9750915750915752,0.9692307692307693,0.005860805860805817,-0.01163654496776558,0.023358156689377213,-0.00757424137397915,0.019295853095590787,0.00930618416935745
mnist_4v9,amplitude,probs,0.9619047619047618,0.9663003663003662,-0.0043956043956044025,-0.016168379379970663,0.007377170588761859,-0.013435132124635452,0.004643923333426647,0.0018963336823032417
mnist_4v9,amplitude,z0,0.9428571428571427,0.964102564102564,-0.021245421245421347,-0.04038040400044794,-0.002110438490394752,-0.035937896676090174,-0.00655294581475252,0.13642428347215452
mnist_4v9,amplitude,zz,0.9714285714285715,0.9699633699633698,0.0014652014652015266,-0.002602849970985771,0.0055332529013888245,-0.0016583835697093574,0.004588786500112411,2.0493491177257885e-05
mnist_4v9,angular,multi,0.9604395604395604,0.956043956043956,0.004395604395604424,-0.007377170588761928,0.016168379379970777,-0.004643923333426696,0.013435132124635544,0.0018963336823032977
mnist_4v9,angular,probs,0.9531135531135531,0.947985347985348,0.00512820512820511,-0.009468675429849461,0.01972508568625968,-0.006079764678158385,0.016336174934568605,0.004549300369091748
mnist_4v9,angular,z0,0.602930402930403,0.8967032967032967,-0.29377289377289373,-0.35302207636348754,-0.23452371118229992,-0.3392663844461912,-0.24827940309959623,0.99987690030158
mnist_4v9,angular,zz,0.9428571428571427,0.9377289377289377,0.005128205128205066,-0.009468675429849537,0.019725085686259667,-0.006079764678158455,0.016336174934568588,0.004549300369091758
