config,sample,repr,y_true,y_pred
Amplitude + Anel 4q 3L n=100,0,0.3622543666351976,1,1
Amplitude + Anel 4q 3L n=100,1,0.6301189911440098,1,1
Amplitude + Anel 4q 3L n=100,2,0.49054506791335967,1,1
Amplitude + Anel 4q 3L n=100,3,-0.8185680992678057,0,0
Amplitude + Anel 4q 3L n=100,4,-0.6304861370099961,0,0
Amplitude + Anel 4q 3L n=100,5,-0.6523471768090208,0,0
Amplitude + Anel 4q 3L n=100,6,-0.6862979237318194,0,0
Amplitude + Anel 4q 3L n=100,7,0.8981401948902776,1,1
Amplitude + Anel 4q 3L n=100,8,0.27592577216000563,1,1
Amplitude + Anel 4q 3L n=100,9,-0.9256300875884846,0,0
Amplitude + Anel 4q 3L n=100,10,0.7588607145596605,1,1
Amplitude + Anel 4q 3L n=100,11,-0.5691130290281292,0,0
Amplitude + Anel 4q 3L n=100,12,0.6791905845419708,1,1
Amplitude + Anel 4q 3L n=100,13,0.6437120099343456,1,1
Amplitude + Anel 4q 3L n=100,14,-0.743065022446011,0,0
Amplitude + Anel 4q 3L n=100,15,0.8240596611234523,1,1
Amplitude + Anel 4q 3L n=100,16,0.7148536756584771,1,1
Amplitude + Anel 4q 3L n=100,17,0.9694336848732228,1,1
Amplitude + Anel 4q 3L n=100,18,0.6683199169968801,1,1
Amplitude + Anel 4q 3L n=100,19,0.7677761556865239,1,1
Amplitude + Anel 4q 3L n=100,20,0.521451177192022,1,1
Amplitude + Anel 4q 3L n=100,21,-0.7534145767887124,0,0
Amplitude + Anel 4q 3L n=100,22,-0.8911994223459005,0,0
Amplitude + Anel 4q 3L n=100,23,-0.8801018045382121,0,0
Amplitude + Anel 4q 3L n=100,24,-0.5850011532435768,0,0
Amplitude + Anel 4q 3L n=100,25,-0.8752952560872038,0,0
Amplitude + Anel 4q 3L n=100,26,0.5047930099223121,1,1
Amplitude + Anel 4q 3L n=100,27,0.9148236518979597,1,1
Amplitude + Anel 4q 3L n=100,28,-0.7063920139949156,0,0
Amplitude + Anel 4q 3L n=100,29,-0.6701003336153002,0,0
Amplitude + Anel 4q 3L n=100,30,-0.9267230752081294,0,0
Amplitude + Anel 4q 3L n=100,31,-0.8306293109881668,0,0
Amplitude + Anel 4q 3L n=100,32,0.540378945553428,1,1
Amplitude + Anel 4q 3L n=100,33,0.01651429943939675,1,1
Amplitude + Anel 4q 3L n=100,34,-0.8552859672692715,0,0
Amplitude + Anel 4q 3L n=100,35,-0.8577347439606171,0,0
Amplitude + Anel 4q 3L n=100,36,-0.8366604268727036,0,0
Amplitude + Anel 4q 3L n=100,37,-0.6892114801088651,0,0
Amplitude + Anel 4q 3L n=100,38,0.14006490065940036,1,1
Amplitude + Anel 4q 3L n=100,39,0.6820380358968015,1,1
Amplitude + Anel 4q 3L n=100,40,-0.8759170201892041,0,0
Amplitude + Anel 4q 3L n=100,41,-0.9233761140714672,0,0
Amplitude + Anel 4q 3L n=100,42,0.7928891813647307,1,1
Amplitude + Anel 4q 3L n=100,43,-0.9031089664783913,0,0
Amplitude + Anel 4q 3L n=100,44,0.12971659385599799,1,1
Amplitude + Anel 4q 3L n=100,45,0.6356969994036812,1,1
Amplitude + Anel 4q 3L n=100,46,0.26989134829987244,1,1
Amplitude + Anel 4q 3L n=100,47,0.017507921125866466,1,1
Amplitude + Anel 4q 3L n=100,48,-0.7147380786482137,0,0
Amplitude + Anel 4q 3L n=100,49,-0.8575099967559509,0,0
Amplitude + Anel 4q 3L n=100,50,-0.864631368563942,0,0
Amplitude + Anel 4q 3L n=100,51,-0.856595308336904,0,0
Amplitude + Anel 4q 3L n=100,52,0.4347629484824257,1,1
Amplitude + Anel 4q 3L n=100,53,-0.8659181785839698,0,0
Amplitude + Anel 4q 3L n=100,54,0.47415883604219317,1,1
Amplitude + Anel 4q 3L n=100,55,0.6147963570004129,1,1
Amplitude + Anel 4q 3L n=100,56,-0.6272638690973094,0,0
Amplitude + Anel 4q 3L n=100,57,-0.8466739846421101,0,0
Amplitude + Anel 4q 3L n=100,58,-0.8342763702008894,0,0
Amplitude + Anel 4q 3L n=100,59,0.6873232892856049,1,1
Amplitude + Anel 4q 3L n=100,60,-0.9211361114655748,0,0
Amplitude + Anel 4q 3L n=100,61,0.6605963524393841,1,1
Amplitude + Anel 4q 3L n=100,62,0.7446421836896129,1,1
Amplitude + Anel 4q 3L n=100,63,-0.7158607068050178,0,0
Amplitude + Anel 4q 3L n=100,64,-0.9208079810258377,0,0
Amplitude + Anel 4q 3L n=100,65,-0.9214180596540256,0,0
Amplitude + Anel 4q 3L n=100,66,0.20058505820806088,1,1
Amplitude + Anel 4q 3L n=100,67,0.9109291851693093,1,1
Amplitude + Anel 4q 3L n=100,68,-0.8278869414095261,0,0
Amplitude + Anel 4q 3L n=100,69,0.4436155296471323,1,1
Amplitude + Anel 4q 3L n=100,70,-0.8017826054815069,0,0
Amplitude + Anel 4q 3L n=100,71,0.6702614442532662,1,1
Amplitude + Anel 4q 3L n=100,72,-0.5399236108908121,0,0
Amplitude + Anel 4q 3L n=100,73,-0.9499701812315829,0,0
Amplitude + Anel 4q 3L n=100,74,-0.651039742806642,0,0
Amplitude + Anel 4q 3L n=100,75,0.43535896020067155,1,1
Amplitude + Anel 4q 3L n=100,76,-0.701609098432636,0,0
Amplitude + Anel 4q 3L n=100,77,0.814170302244791,1,1
Amplitude + Anel 4q 3L n=100,78,0.5709658774883009,1,1
Amplitude + Anel 4q 3L n=100,79,0.5498496180751051,1,1
Amplitude + Anel 4q 3L n=100,80,-0.6833427263783092,0,0
Amplitude + Anel 4q 3L n=100,81,-0.8819046661881722,0,0
Amplitude + Anel 4q 3L n=100,82,0.3758122056140625,1,1
Amplitude + Anel 4q 3L n=100,83,0.8622169778757821,1,1
Amplitude + Anel 4q 3L n=100,84,0.6876669692480442,1,1
Amplitude + Anel 4q 3L n=100,85,-0.8421368442890873,0,0
Amplitude + Anel 4q 3L n=100,86,0.5417237347646595,1,1
Amplitude + Anel 4q 3L n=100,87,-0.7758244728672337,0,0
Amplitude + Anel 4q 3L n=100,88,-0.8420547500303308,0,0
Amplitude + Anel 4q 3L n=100,89,0.8964003377470079,1,1
Amplitude + Anel 4q 3L n=100,90,0.7992872323772413,1,1
Amplitude + Anel 4q 3L n=100,91,0.8245844641852972,1,1
Amplitude + Anel 4q 3L n=100,92,0.9158358751970503,1,1
Amplitude + Anel 4q 3L n=100,93,0.4797734563591893,1,1
Amplitude + Anel 4q 3L n=100,94,0.625044436684636,1,1
Amplitude + Anel 4q 3L n=100,95,-0.9343567768032274,0,0
Amplitude + Anel 4q 3L n=100,96,0.8541150437675109,1,1
Amplitude + Anel 4q 3L n=100,97,0.8210255320930738,1,1
Amplitude + Anel 4q 3L n=100,98,-0.8743417136321672,0,0
Amplitude + Anel 4q 3L n=100,99,-0.7707785873939411,0,0
Amplitude + None 4q 3L n=100,0,-0.025001243852342037,1,0
Amplitude + None 4q 3L n=100,1,-0.02533575519726433,1,0
Amplitude + None 4q 3L n=100,2,-0.029659552892794372,1,0
Amplitude + None 4q 3L n=100,3,-0.04439506745888977,0,0
Amplitude + None 4q 3L n=100,4,-0.033706410563100586,0,0
Amplitude + None 4q 3L n=100,5,-0.019673193931845856,0,0
Amplitude + None 4q 3L n=100,6,-0.017008502837072614,0,0
Amplitude + None 4q 3L n=100,7,-0.023096494102286147,1,0
Amplitude + None 4q 3L n=100,8,-0.027733525559202166,1,0
Amplitude + None 4q 3L n=100,9,-0.029441540040880843,0,0
Amplitude + None 4q 3L n=100,10,-0.007063092812904015,1,0
Amplitude + None 4q 3L n=100,11,-0.024251139109174147,0,0
Amplitude + None 4q 3L n=100,12,-0.014643996806445403,1,0
Amplitude + None 4q 3L n=100,13,-0.02191335642694303,1,0
Amplitude + None 4q 3L n=100,14,-0.02780367090197966,0,0
Amplitude + None 4q 3L n=100,15,-0.025692645840303896,1,0
Amplitude + None 4q 3L n=100,16,-0.025122612749821915,1,0
Amplitude + None 4q 3L n=100,17,-0.02105238095664974,1,0
Amplitude + None 4q 3L n=100,18,-0.025741613641117433,1,0
Amplitude + None 4q 3L n=100,19,-0.025316205729504382,1,0
Amplitude + None 4q 3L n=100,20,-0.019121115724213045,1,0
Amplitude + None 4q 3L n=100,21,-0.020607072541442173,0,0
Amplitude + None 4q 3L n=100,22,-0.0380977097674986,0,0
Amplitude + None 4q 3L n=100,23,-0.027020469721340257,0,0
Amplitude + None 4q 3L n=100,24,-0.023658133853943997,0,0
Amplitude + None 4q 3L n=100,25,-0.036696346376998035,0,0
Amplitude + None 4q 3L n=100,26,-0.022406861707149228,1,0
Amplitude + None 4q 3L n=100,27,-0.02465831423265652,1,0
Amplitude + None 4q 3L n=100,28,-0.03237984885096962,0,0
Amplitude + None 4q 3L n=100,29,-0.01663416468153245,0,0
Amplitude + None 4q 3L n=100,30,-0.027420606024138594,0,0
Amplitude + None 4q 3L n=100,31,-0.026552659076046536,0,0
Amplitude + None 4q 3L n=100,32,-0.03345088719961292,1,0
Amplitude + None 4q 3L n=100,33,-0.03647472267298324,1,0
Amplitude + None 4q 3L n=100,34,-0.021619041339150324,0,0
Amplitude + None 4q 3L n=100,35,-0.021605023282317448,0,0
Amplitude + None 4q 3L n=100,36,-0.0316874182909791,0,0
Amplitude + None 4q 3L n=100,37,-0.023704154368566432,0,0
Amplitude + None 4q 3L n=100,38,-0.027327976537655008,1,0
Amplitude + None 4q 3L n=100,39,-0.032039762508068004,1,0
Amplitude + None 4q 3L n=100,40,-0.02410607280808147,0,0
Amplitude + None 4q 3L n=100,41,-0.021035974721515638,0,0
Amplitude + None 4q 3L n=100,42,-0.03376065545485918,1,0
Amplitude + None 4q 3L n=100,43,-0.03615926085376309,0,0
Amplitude + None 4q 3L n=100,44,-0.02216971588928729,1,0
Amplitude + None 4q 3L n=100,45,-0.024023508287704054,1,0
Amplitude + None 4q 3L n=100,46,-0.026442996410468544,1,0
Amplitude + None 4q 3L n=100,47,-0.03207747940405725,1,0
Amplitude + None 4q 3L n=100,48,-0.025277981201261235,0,0
Amplitude + None 4q 3L n=100,49,-0.021001891243029203,0,0
Amplitude + None 4q 3L n=100,50,-0.034902882361429244,0,0
Amplitude + None 4q 3L n=100,51,-0.03603823520090804,0,0
Amplitude + None 4q 3L n=100,52,-0.031106891243213308,1,0
Amplitude + None 4q 3L n=100,53,-0.0370954851948998,0,0
Amplitude + None 4q 3L n=100,54,-0.02160992062828415,1,0
Amplitude + None 4q 3L n=100,55,-0.032849074656202015,1,0
Amplitude + None 4q 3L n=100,56,-0.025858488558554327,0,0
Amplitude + None 4q 3L n=100,57,-0.027327042406502522,0,0
Amplitude + None 4q 3L n=100,58,-0.02610023472832712,0,0
Amplitude + None 4q 3L n=100,59,-0.023082237357762436,1,0
Amplitude + None 4q 3L n=100,60,-0.024040617663311836,0,0
Amplitude + None 4q 3L n=100,61,-0.013446414548184793,1,0
Amplitude + None 4q 3L n=100,62,-0.02969732861273955,1,0
Amplitude + None 4q 3L n=100,63,-0.03349400585981471,0,0
Amplitude + None 4q 3L n=100,64,-0.02811561857009115,0,0
Amplitude + None 4q 3L n=100,65,-0.030592323161338975,0,0
Amplitude + None 4q 3L n=100,66,-0.031803555942976514,1,0
Amplitude + None 4q 3L n=100,67,-0.021614153376482093,1,0
Amplitude + None 4q 3L n=100,68,-0.032962458368424485,0,0
Amplitude + None 4q 3L n=100,69,-0.027830151991535157,1,0
Amplitude + None 4q 3L n=100,70,-0.01500233967142317,0,0
Amplitude + None 4q 3L n=100,71,-0.024033561387015234,1,0
Amplitude + None 4q 3L n=100,72,-0.037629022227319064,0,0
Amplitude + None 4q 3L n=100,73,-0.027584676951092013,0,0
Amplitude + None 4q 3L n=100,74,-0.030401896584824617,0,0
Amplitude + None 4q 3L n=100,75,-0.022601367073857126,1,0
Amplitude + None 4q 3L n=100,76,-0.026647571946904758,0,0
Amplitude + None 4q 3L n=100,77,-0.024072005915855565,1,0
Amplitude + None 4q 3L n=100,78,-0.023786176229505185,1,0
Amplitude + None 4q 3L n=100,79,-0.02473580218966165,1,0
Amplitude + None 4q 3L n=100,80,-0.022321289911183206,0,0
Amplitude + None 4q 3L n=100,81,-0.03313626948737636,0,0
Amplitude + None 4q 3L n=100,82,-0.029713506817089952,1,0
Amplitude + None 4q 3L n=100,83,-0.022234809163373004,1,0
Amplitude + None 4q 3L n=100,84,-0.025003322387144145,1,0
Amplitude + None 4q 3L n=100,85,-0.030754847101278404,0,0
Amplitude + None 4q 3L n=100,86,-0.0301256297212118,1,0
Amplitude + None 4q 3L n=100,87,-0.01731742962458127,0,0
Amplitude + None 4q 3L n=100,88,-0.026914913328775214,0,0
Amplitude + None 4q 3L n=100,89,-0.02452569818884498,1,0
Amplitude + None 4q 3L n=100,90,-0.02730213490579314,1,0
Amplitude + None 4q 3L n=100,91,-0.028745307402085363,1,0
Amplitude + None 4q 3L n=100,92,-0.018622729883872424,1,0
Amplitude + None 4q 3L n=100,93,-0.018095128918101444,1,0
Amplitude + None 4q 3L n=100,94,-0.02346074593903469,1,0
Amplitude + None 4q 3L n=100,95,-0.03132215654498127,0,0
Amplitude + None 4q 3L n=100,96,-0.01757053373395301,1,0
Amplitude + None 4q 3L n=100,97,-0.024462896151216607,1,0
Amplitude + None 4q 3L n=100,98,-0.02333762516298432,0,0
Amplitude + None 4q 3L n=100,99,-0.030785407770643092,0,0
Angular + Anel 2q 3L n=100,0,-0.40978760270252124,1,0
Angular + Anel 2q 3L n=100,1,0.6711884919399962,1,1
Angular + Anel 2q 3L n=100,2,0.44626517555246525,1,1
Angular + Anel 2q 3L n=100,3,-0.9632638593151238,0,0
Angular + Anel 2q 3L n=100,4,-0.4097876027025214,0,0
Angular + Anel 2q 3L n=100,5,-0.4097876027025215,0,0
Angular + Anel 2q 3L n=100,6,-0.43390898692381763,0,0
Angular + Anel 2q 3L n=100,7,0.5928234254068172,1,1
Angular + Anel 2q 3L n=100,8,0.395504025693567,1,1
Angular + Anel 2q 3L n=100,9,-0.7747242497939578,0,0
Angular + Anel 2q 3L n=100,10,0.5928234254068172,1,1
Angular + Anel 2q 3L n=100,11,-0.5813957570732587,0,0
Angular + Anel 2q 3L n=100,12,0.5688434932203942,1,1
Angular + Anel 2q 3L n=100,13,-0.283921630215722,1,0
Angular + Anel 2q 3L n=100,14,-0.7414637866012668,0,0
Angular + Anel 2q 3L n=100,15,0.8468936961771524,1,1
Angular + Anel 2q 3L n=100,16,-0.12174034652194926,1,0
Angular + Anel 2q 3L n=100,17,0.5928234254068172,1,1
Angular + Anel 2q 3L n=100,18,0.8953766009187074,1,1
Angular + Anel 2q 3L n=100,19,0.8009340364661882,1,1
Angular + Anel 2q 3L n=100,20,0.9385615143541002,1,1
Angular + Anel 2q 3L n=100,21,-0.989464161615597,0,0
Angular + Anel 2q 3L n=100,22,-0.9647495357081257,0,0
Angular + Anel 2q 3L n=100,23,-0.8322733811422969,0,0
Angular + Anel 2q 3L n=100,24,-0.4097876027025218,0,0
Angular + Anel 2q 3L n=100,25,-0.667008310406904,0,0
Angular + Anel 2q 3L n=100,26,0.8053265287699394,1,1
Angular + Anel 2q 3L n=100,27,0.8032245071956308,1,1
Angular + Anel 2q 3L n=100,28,-0.4097876027025214,0,0
Angular + Anel 2q 3L n=100,29,-0.4565511488625208,0,0
Angular + Anel 2q 3L n=100,30,-0.7103078697493668,0,0
Angular + Anel 2q 3L n=100,31,-0.4097876027025222,0,0
Angular + Anel 2q 3L n=100,32,0.24401778713813704,1,1
Angular + Anel 2q 3L n=100,33,0.09686946414518077,1,1
Angular + Anel 2q 3L n=100,34,-0.4797139764359335,0,0
Angular + Anel 2q 3L n=100,35,-0.7408438944159117,0,0
Angular + Anel 2q 3L n=100,36,-0.5432326104901292,0,0
Angular + Anel 2q 3L n=100,37,-0.37922958585885674,0,0
Angular + Anel 2q 3L n=100,38,-0.003625569551079122,1,0
Angular + Anel 2q 3L n=100,39,0.05126072881738336,1,1
Angular + Anel 2q 3L n=100,40,-0.5039549217770314,0,0
Angular + Anel 2q 3L n=100,41,-0.8670796444240054,0,0
Angular + Anel 2q 3L n=100,42,0.22114529733673494,1,1
Angular + Anel 2q 3L n=100,43,-0.66122768852603,0,0
Angular + Anel 2q 3L n=100,44,0.16239760292297556,1,1
Angular + Anel 2q 3L n=100,45,0.4152391521385874,1,1
Angular + Anel 2q 3L n=100,46,-0.40978760270252124,1,0
Angular + Anel 2q 3L n=100,47,-0.2668296362758576,1,0
Angular + Anel 2q 3L n=100,48,-0.4097876027025214,0,0
Angular + Anel 2q 3L n=100,49,-0.48493450081311945,0,0
Angular + Anel 2q 3L n=100,50,-0.7763580717192563,0,0
Angular + Anel 2q 3L n=100,51,-0.8047481545616532,0,0
Angular + Anel 2q 3L n=100,52,0.17789078370326922,1,1
Angular + Anel 2q 3L n=100,53,-0.9302820638562631,0,0
Angular + Anel 2q 3L n=100,54,0.5698799842859583,1,1
Angular + Anel 2q 3L n=100,55,0.17789078370326922,1,1
Angular + Anel 2q 3L n=100,56,-0.7744400768927572,0,0
Angular + Anel 2q 3L n=100,57,-0.4097876027025222,0,0
Angular + Anel 2q 3L n=100,58,-0.4097876027025222,0,0
Angular + Anel 2q 3L n=100,59,0.7525905013465375,1,1
Angular + Anel 2q 3L n=100,60,-0.9795425578008813,0,0
Angular + Anel 2q 3L n=100,61,0.28686972389482573,1,1
Angular + Anel 2q 3L n=100,62,0.39630132726899053,1,1
Angular + Anel 2q 3L n=100,63,-0.7809471797172391,0,0
Angular + Anel 2q 3L n=100,64,-0.5432326104901294,0,0
Angular + Anel 2q 3L n=100,65,-0.8670796444240056,0,0
Angular + Anel 2q 3L n=100,66,0.3419569888928837,1,1
Angular + Anel 2q 3L n=100,67,0.5241039925921043,1,1
Angular + Anel 2q 3L n=100,68,-0.8527277655349328,0,0
Angular + Anel 2q 3L n=100,69,-0.40978760270252124,1,0
Angular + Anel 2q 3L n=100,70,-0.4097876027025214,0,0
Angular + Anel 2q 3L n=100,71,0.8962618772770774,1,1
Angular + Anel 2q 3L n=100,72,-0.6012373010691703,0,0
Angular + Anel 2q 3L n=100,73,-0.8670796444240054,0,0
Angular + Anel 2q 3L n=100,74,-0.3128190739978104,0,0
Angular + Anel 2q 3L n=100,75,-0.04673246246026552,1,0
Angular + Anel 2q 3L n=100,76,-0.7664033751959971,0,0
Angular + Anel 2q 3L n=100,77,0.7922607613981285,1,1
Angular + Anel 2q 3L n=100,78,0.5928234254068172,1,1
Angular + Anel 2q 3L n=100,79,-0.6748630483155511,1,0
Angular + Anel 2q 3L n=100,80,-0.4097876027025214,0,0
Angular + Anel 2q 3L n=100,81,-0.8446374935176654,0,0
Angular + Anel 2q 3L n=100,82,0.09686946414518116,1,1
Angular + Anel 2q 3L n=100,83,0.9772011770183016,1,1
Angular + Anel 2q 3L n=100,84,0.9353252402749114,1,1
Angular + Anel 2q 3L n=100,85,-0.7763580717192557,0,0
Angular + Anel 2q 3L n=100,86,-0.1829934813845403,1,0
Angular + Anel 2q 3L n=100,87,-0.9543046819441244,0,0
Angular + Anel 2q 3L n=100,88,-0.9476450693510695,0,0
Angular + Anel 2q 3L n=100,89,0.7035226513766983,1,1
Angular + Anel 2q 3L n=100,90,0.8489364544664184,1,1
Angular + Anel 2q 3L n=100,91,0.7325943184390671,1,1
Angular + Anel 2q 3L n=100,92,0.475173876907781,1,1
Angular + Anel 2q 3L n=100,93,0.8565894591753047,1,1
Angular + Anel 2q 3L n=100,94,0.6319916749858425,1,1
Angular + Anel 2q 3L n=100,95,-0.9912250586749934,0,0
Angular + Anel 2q 3L n=100,96,0.747269546065429,1,1
Angular + Anel 2q 3L n=100,97,0.900125141961404,1,1
Angular + Anel 2q 3L n=100,98,-0.6551794511829983,0,0
Angular + Anel 2q 3L n=100,99,-0.8165973139905719,0,0
Angular + Anel 4q 3L n=100,0,-0.5687001820824883,1,0
Angular + Anel 4q 3L n=100,1,0.611878489476456,1,1
Angular + Anel 4q 3L n=100,2,0.1100323225427785,1,1
Angular + Anel 4q 3L n=100,3,-0.4282947957817318,0,0
Angular + Anel 4q 3L n=100,4,-0.5728694325220541,0,0
Angular + Anel 4q 3L n=100,5,-0.5687001820824884,0,0
Angular + Anel 4q 3L n=100,6,-0.38864085291782957,0,0
Angular + Anel 4q 3L n=100,7,0.5649935017915534,1,1
Angular + Anel 4q 3L n=100,8,0.8411363133899014,1,1
Angular + Anel 4q 3L n=100,9,-0.7337759766948616,0,0
Angular + Anel 4q 3L n=100,10,0.2864802960285004,1,1
Angular + Anel 4q 3L n=100,11,-0.6174733387462202,0,0
Angular + Anel 4q 3L n=100,12,-0.25799788001027,1,0
Angular + Anel 4q 3L n=100,13,0.27021166051302276,1,1
Angular + Anel 4q 3L n=100,14,-0.5374941511063396,0,0
Angular + Anel 4q 3L n=100,15,0.7993279876559518,1,1
Angular + Anel 4q 3L n=100,16,0.5330321086651244,1,1
Angular + Anel 4q 3L n=100,17,0.2162743755361306,1,1
Angular + Anel 4q 3L n=100,18,0.9279350281830079,1,1
Angular + Anel 4q 3L n=100,19,0.7449981403628998,1,1
Angular + Anel 4q 3L n=100,20,0.8165159654284392,1,1
Angular + Anel 4q 3L n=100,21,-0.8217567426221344,0,0
Angular + Anel 4q 3L n=100,22,-0.8031542509500451,0,0
Angular + Anel 4q 3L n=100,23,-0.7585046323094082,0,0
Angular + Anel 4q 3L n=100,24,-0.554701540290314,0,0
Angular + Anel 4q 3L n=100,25,-0.8368491886851142,0,0
Angular + Anel 4q 3L n=100,26,0.6819916102639796,1,1
Angular + Anel 4q 3L n=100,27,0.5238219679765105,1,1
Angular + Anel 4q 3L n=100,28,-0.6321354777696763,0,0
Angular + Anel 4q 3L n=100,29,-0.7028453850687895,0,0
Angular + Anel 4q 3L n=100,30,-0.7476745535248476,0,0
Angular + Anel 4q 3L n=100,31,-0.5556683684741872,0,0
Angular + Anel 4q 3L n=100,32,0.02100004012041512,1,1
Angular + Anel 4q 3L n=100,33,0.15978460557645385,1,1
Angular + Anel 4q 3L n=100,34,-0.5590865144896393,0,0
Angular + Anel 4q 3L n=100,35,-0.8275856863689184,0,0
Angular + Anel 4q 3L n=100,36,-0.7305705082460521,0,0
Angular + Anel 4q 3L n=100,37,-0.8530001619848635,0,0
Angular + Anel 4q 3L n=100,38,0.03338386876038052,1,1
Angular + Anel 4q 3L n=100,39,0.4017645420419911,1,1
Angular + Anel 4q 3L n=100,40,-0.6377655649641976,0,0
Angular + Anel 4q 3L n=100,41,-0.7760684536732585,0,0
Angular + Anel 4q 3L n=100,42,0.8927096892252822,1,1
Angular + Anel 4q 3L n=100,43,-0.7680988837996078,0,0
Angular + Anel 4q 3L n=100,44,-0.18333220188664962,1,0
Angular + Anel 4q 3L n=100,45,0.3565285268514313,1,1
Angular + Anel 4q 3L n=100,46,-0.5715357740389847,1,0
Angular + Anel 4q 3L n=100,47,0.07992590313135922,1,1
Angular + Anel 4q 3L n=100,48,-0.5027341169583396,0,0
Angular + Anel 4q 3L n=100,49,-0.5986690355539995,0,0
Angular + Anel 4q 3L n=100,50,-0.8022073452956942,0,0
Angular + Anel 4q 3L n=100,51,-0.6425691040310177,0,0
Angular + Anel 4q 3L n=100,52,0.00235599909484574,1,1
Angular + Anel 4q 3L n=100,53,-0.7622845515556266,0,0
Angular + Anel 4q 3L n=100,54,0.7421299464466616,1,1
Angular + Anel 4q 3L n=100,55,0.00235599909484574,1,1
Angular + Anel 4q 3L n=100,56,-0.8126446251715337,0,0
Angular + Anel 4q 3L n=100,57,-0.6437666500708322,0,0
Angular + Anel 4q 3L n=100,58,-0.5566690582025349,0,0
Angular + Anel 4q 3L n=100,59,0.8556012413328389,1,1
Angular + Anel 4q 3L n=100,60,-0.8825587306740048,0,0
Angular + Anel 4q 3L n=100,61,0.2749840884692939,1,1
Angular + Anel 4q 3L n=100,62,0.6438089594879195,1,1
Angular + Anel 4q 3L n=100,63,-0.9014406206173857,0,0
Angular + Anel 4q 3L n=100,64,-0.6679838754887438,0,0
Angular + Anel 4q 3L n=100,65,-0.9482925384600207,0,0
Angular + Anel 4q 3L n=100,66,0.5821405286187986,1,1
Angular + Anel 4q 3L n=100,67,0.6007490003834052,1,1
Angular + Anel 4q 3L n=100,68,-0.8796164457809745,0,0
Angular + Anel 4q 3L n=100,69,-0.5687001820824885,1,0
Angular + Anel 4q 3L n=100,70,-0.5687001820824884,0,0
Angular + Anel 4q 3L n=100,71,0.697714479708629,1,1
Angular + Anel 4q 3L n=100,72,-0.7158989011217003,0,0
Angular + Anel 4q 3L n=100,73,-0.9400231456497723,0,0
Angular + Anel 4q 3L n=100,74,-0.5509718606317664,0,0
Angular + Anel 4q 3L n=100,75,-0.3627177589309732,1,0
Angular + Anel 4q 3L n=100,76,-0.9043440395366059,0,0
Angular + Anel 4q 3L n=100,77,0.9464794091018325,1,1
Angular + Anel 4q 3L n=100,78,0.21627437553613088,1,1
Angular + Anel 4q 3L n=100,79,-0.2387464756469611,1,0
Angular + Anel 4q 3L n=100,80,-0.5520909722982643,0,0
Angular + Anel 4q 3L n=100,81,-0.928054638087596,0,0
Angular + Anel 4q 3L n=100,82,-0.2356211308106092,1,0
Angular + Anel 4q 3L n=100,83,0.788821198698483,1,1
Angular + Anel 4q 3L n=100,84,0.6379015336205756,1,1
Angular + Anel 4q 3L n=100,85,-0.9028958119092114,0,0
Angular + Anel 4q 3L n=100,86,-0.12158093351720228,1,0
Angular + Anel 4q 3L n=100,87,-0.8378267428961783,0,0
Angular + Anel 4q 3L n=100,88,-0.9783269532151703,0,0
Angular + Anel 4q 3L n=100,89,0.8463528177381029,1,1
Angular + Anel 4q 3L n=100,90,0.8251885983866887,1,1
Angular + Anel 4q 3L n=100,91,0.7342818553434695,1,1
Angular + Anel 4q 3L n=100,92,0.26389474674345875,1,1
Angular + Anel 4q 3L n=100,93,0.8648202149674775,1,1
Angular + Anel 4q 3L n=100,94,0.7673866314437399,1,1
Angular + Anel 4q 3L n=100,95,-0.7974375457080509,0,0
Angular + Anel 4q 3L n=100,96,0.17011600991091835,1,1
Angular + Anel 4q 3L n=100,97,0.7402716526483707,1,1
Angular + Anel 4q 3L n=100,98,-0.6056132015646598,0,0
Angular + Anel 4q 3L n=100,99,-0.8212708304713592,0,0
Angular + Anel 6q 3L n=100,0,-0.6645547601493764,1,0
Angular + Anel 6q 3L n=100,1,0.02628606997503946,1,1
Angular + Anel 6q 3L n=100,2,0.04652291786943885,1,1
Angular + Anel 6q 3L n=100,3,-0.2720705206495919,0,0
Angular + Anel 6q 3L n=100,4,-0.902050025121548,0,0
Angular + Anel 6q 3L n=100,5,-0.6645547601493768,0,0
Angular + Anel 6q 3L n=100,6,-0.4299187724511546,0,0
Angular + Anel 6q 3L n=100,7,0.8225811487671475,1,1
Angular + Anel 6q 3L n=100,8,0.6340406491700774,1,1
Angular + Anel 6q 3L n=100,9,-0.32043911531543157,0,0
Angular + Anel 6q 3L n=100,10,0.36544915249943544,1,1
Angular + Anel 6q 3L n=100,11,-0.700519259540347,0,0
Angular + Anel 6q 3L n=100,12,0.06216442792805277,1,1
Angular + Anel 6q 3L n=100,13,0.16114505065320384,1,1
Angular + Anel 6q 3L n=100,14,-0.24083296905868956,0,0
Angular + Anel 6q 3L n=100,15,0.04798437198145489,1,1
Angular + Anel 6q 3L n=100,16,0.42808481220653954,1,1
Angular + Anel 6q 3L n=100,17,0.6692283207970493,1,1
Angular + Anel 6q 3L n=100,18,0.8618949209642723,1,1
Angular + Anel 6q 3L n=100,19,-0.0061860582552147325,1,0
Angular + Anel 6q 3L n=100,20,-0.1248750742244098,1,0
Angular + Anel 6q 3L n=100,21,-0.6696014593721449,0,0
Angular + Anel 6q 3L n=100,22,-0.8471847531820361,0,0
Angular + Anel 6q 3L n=100,23,-0.7043560593587597,0,0
Angular + Anel 6q 3L n=100,24,-0.666362460957693,0,0
Angular + Anel 6q 3L n=100,25,-0.8512788310751338,0,0
Angular + Anel 6q 3L n=100,26,-0.4681394525201751,1,0
Angular + Anel 6q 3L n=100,27,0.6991116537884055,1,1
Angular + Anel 6q 3L n=100,28,-0.8551306844836021,0,0
Angular + Anel 6q 3L n=100,29,-0.09069668029914901,0,0
Angular + Anel 6q 3L n=100,30,-0.3712970608923777,0,0
Angular + Anel 6q 3L n=100,31,-0.6666354232277205,0,0
Angular + Anel 6q 3L n=100,32,-0.00015118215424136938,1,0
Angular + Anel 6q 3L n=100,33,0.08501801262084735,1,1
Angular + Anel 6q 3L n=100,34,-0.3649769656676663,0,0
Angular + Anel 6q 3L n=100,35,-0.6111109059454229,0,0
Angular + Anel 6q 3L n=100,36,-0.8986763689494205,0,0
Angular + Anel 6q 3L n=100,37,-0.2585077422583354,0,0
Angular + Anel 6q 3L n=100,38,0.30554012589298507,1,1
Angular + Anel 6q 3L n=100,39,0.37975021344942095,1,1
Angular + Anel 6q 3L n=100,40,-0.9594610272628067,0,0
Angular + Anel 6q 3L n=100,41,-0.7310326758452745,0,0
Angular + Anel 6q 3L n=100,42,0.7201410271404225,1,1
Angular + Anel 6q 3L n=100,43,-0.3420973318013826,0,0
Angular + Anel 6q 3L n=100,44,-0.2652342041650572,1,0
Angular + Anel 6q 3L n=100,45,-0.14413728174972396,1,0
Angular + Anel 6q 3L n=100,46,-0.661986973236355,1,0
Angular + Anel 6q 3L n=100,47,0.4469442643238726,1,1
Angular + Anel 6q 3L n=100,48,-0.6672528859520519,0,0
Angular + Anel 6q 3L n=100,49,-0.6952245577739832,0,0
Angular + Anel 6q 3L n=100,50,-0.7838905883710067,0,0
Angular + Anel 6q 3L n=100,51,-0.8599249069503536,0,0
Angular + Anel 6q 3L n=100,52,0.0044814449991021355,1,1
Angular + Anel 6q 3L n=100,53,-0.9006036463376033,0,0
Angular + Anel 6q 3L n=100,54,-0.09842613875136064,1,0
Angular + Anel 6q 3L n=100,55,0.0044814449991021355,1,1
Angular + Anel 6q 3L n=100,56,-0.8464116550880639,0,0
Angular + Anel 6q 3L n=100,57,-0.9013484454754691,0,0
Angular + Anel 6q 3L n=100,58,-0.6665455448636879,0,0
Angular + Anel 6q 3L n=100,59,0.0757741443804163,1,1
Angular + Anel 6q 3L n=100,60,-0.8649808648798167,0,0
Angular + Anel 6q 3L n=100,61,0.013163539493614484,1,1
Angular + Anel 6q 3L n=100,62,0.5146482368317657,1,1
Angular + Anel 6q 3L n=100,63,-0.6361704335222151,0,0
Angular + Anel 6q 3L n=100,64,-0.8318764095838647,0,0
Angular + Anel 6q 3L n=100,65,-0.8360485465903201,0,0
Angular + Anel 6q 3L n=100,66,-0.16516618347696743,1,0
Angular + Anel 6q 3L n=100,67,0.42822004164880256,1,1
Angular + Anel 6q 3L n=100,68,-0.8488785185639467,0,0
Angular + Anel 6q 3L n=100,69,-0.6645547601493769,1,0
Angular + Anel 6q 3L n=100,70,-0.664554760149376,0,0
Angular + Anel 6q 3L n=100,71,0.34633799159040224,1,1
Angular + Anel 6q 3L n=100,72,-0.26058076990794937,0,0
Angular + Anel 6q 3L n=100,73,-0.8361252396146357,0,0
Angular + Anel 6q 3L n=100,74,-0.7204267738306098,0,0
Angular + Anel 6q 3L n=100,75,-0.23340536608085616,1,0
Angular + Anel 6q 3L n=100,76,-0.7605964002481104,0,0
Angular + Anel 6q 3L n=100,77,0.48761103864658184,1,1
Angular + Anel 6q 3L n=100,78,0.6692283207970494,1,1
Angular + Anel 6q 3L n=100,79,0.44060331156290705,1,1
Angular + Anel 6q 3L n=100,80,-0.776472822035526,0,0
Angular + Anel 6q 3L n=100,81,-0.8551352754369336,0,0
Angular + Anel 6q 3L n=100,82,-0.06068221280457692,1,0
Angular + Anel 6q 3L n=100,83,0.6073979208109528,1,1
Angular + Anel 6q 3L n=100,84,0.24724855222283493,1,1
Angular + Anel 6q 3L n=100,85,-0.8592185146680962,0,0
Angular + Anel 6q 3L n=100,86,-0.058997635933652315,1,0
Angular + Anel 6q 3L n=100,87,-0.6396329857788139,0,0
Angular + Anel 6q 3L n=100,88,-0.8257280139141494,0,0
Angular + Anel 6q 3L n=100,89,0.7273061591219027,1,1
Angular + Anel 6q 3L n=100,90,0.6383323744458712,1,1
Angular + Anel 6q 3L n=100,91,0.5973663964948199,1,1
Angular + Anel 6q 3L n=100,92,0.832635767508825,1,1
Angular + Anel 6q 3L n=100,93,-0.18799618396552709,1,0
Angular + Anel 6q 3L n=100,94,0.5475721076436355,1,1
Angular + Anel 6q 3L n=100,95,-0.8953116894648587,0,0
Angular + Anel 6q 3L n=100,96,0.061453702427032075,1,1
Angular + Anel 6q 3L n=100,97,0.11997775167612224,1,1
Angular + Anel 6q 3L n=100,98,-0.8819169835901004,0,0
Angular + Anel 6q 3L n=100,99,-0.589125394266002,0,0
Angular + Sem ent. 4q 3L n=100,0,-0.7038141665363504,1,0
Angular + Sem ent. 4q 3L n=100,1,0.1409401271715866,1,1
Angular + Sem ent. 4q 3L n=100,2,0.6397808408217824,1,1
Angular + Sem ent. 4q 3L n=100,3,-0.8320818030179424,0,0
Angular + Sem ent. 4q 3L n=100,4,-0.7038141665363506,0,0
Angular + Sem ent. 4q 3L n=100,5,-0.7038141665363501,0,0
Angular + Sem ent. 4q 3L n=100,6,-0.8626723664909508,0,0
Angular + Sem ent. 4q 3L n=100,7,0.7038141665363509,1,1
Angular + Sem ent. 4q 3L n=100,8,-0.70381416653635,1,0
Angular + Sem ent. 4q 3L n=100,9,-0.9229765281817809,0,0
Angular + Sem ent. 4q 3L n=100,10,0.7038141665363506,1,1
Angular + Sem ent. 4q 3L n=100,11,-0.8673180739862884,0,0
Angular + Sem ent. 4q 3L n=100,12,0.3321559706563244,1,1
Angular + Sem ent. 4q 3L n=100,13,-0.6631875690496991,1,0
Angular + Sem ent. 4q 3L n=100,14,-0.7647949637510959,0,0
Angular + Sem ent. 4q 3L n=100,15,0.49018029897291665,1,1
Angular + Sem ent. 4q 3L n=100,16,-0.4731071814386341,1,0
Angular + Sem ent. 4q 3L n=100,17,0.7038141665363504,1,1
Angular + Sem ent. 4q 3L n=100,18,0.7038141665363504,1,1
Angular + Sem ent. 4q 3L n=100,19,0.7590686692243339,1,1
Angular + Sem ent. 4q 3L n=100,20,0.8950730312815275,1,1
Angular + Sem ent. 4q 3L n=100,21,-0.9500651408713243,0,0
Angular + Sem ent. 4q 3L n=100,22,-0.8151056249337915,0,0
Angular + Sem ent. 4q 3L n=100,23,-0.898780666929732,0,0
Angular + Sem ent. 4q 3L n=100,24,-0.7038141665363509,0,0
Angular + Sem ent. 4q 3L n=100,25,-0.7038141665363505,0,0
Angular + Sem ent. 4q 3L n=100,26,0.9672777531310436,1,1
Angular + Sem ent. 4q 3L n=100,27,0.7038141665363502,1,1
Angular + Sem ent. 4q 3L n=100,28,-0.7038141665363502,0,0
Angular + Sem ent. 4q 3L n=100,29,-0.09767029032030028,0,0
Angular + Sem ent. 4q 3L n=100,30,-0.7062657854136849,0,0
Angular + Sem ent. 4q 3L n=100,31,-0.7038141665363505,0,0
Angular + Sem ent. 4q 3L n=100,32,0.4901802989729169,1,1
Angular + Sem ent. 4q 3L n=100,33,0.14094012717158694,1,1
Angular + Sem ent. 4q 3L n=100,34,-0.6023286310726023,0,0
Angular + Sem ent. 4q 3L n=100,35,-0.8009562704064537,0,0
Angular + Sem ent. 4q 3L n=100,36,-0.7038141665363506,0,0
Angular + Sem ent. 4q 3L n=100,37,0.04527839883469842,0,1
Angular + Sem ent. 4q 3L n=100,38,-0.7038141665363509,1,0
Angular + Sem ent. 4q 3L n=100,39,-0.2297569013661841,1,0
Angular + Sem ent. 4q 3L n=100,40,-0.8151056249337916,0,0
Angular + Sem ent. 4q 3L n=100,41,-0.7038141665363509,0,0
Angular + Sem ent. 4q 3L n=100,42,-0.7038141665363508,1,0
Angular + Sem ent. 4q 3L n=100,43,-0.9229765281817804,0,0
Angular + Sem ent. 4q 3L n=100,44,-0.023406728227916562,1,0
Angular + Sem ent. 4q 3L n=100,45,-0.22975690136618387,1,0
Angular + Sem ent. 4q 3L n=100,46,-0.7038141665363506,1,0
Angular + Sem ent. 4q 3L n=100,47,-0.7038141665363508,1,0
Angular + Sem ent. 4q 3L n=100,48,-0.7038141665363504,0,0
Angular + Sem ent. 4q 3L n=100,49,-0.7606062847484085,0,0
Angular + Sem ent. 4q 3L n=100,50,-0.7038141665363503,0,0
Angular + Sem ent. 4q 3L n=100,51,-0.847944369274769,0,0
Angular + Sem ent. 4q 3L n=100,52,0.32174240313080055,1,1
Angular + Sem ent. 4q 3L n=100,53,-0.8312209089530458,0,0
Angular + Sem ent. 4q 3L n=100,54,0.9500651408713242,1,1
Angular + Sem ent. 4q 3L n=100,55,0.32174240313080055,1,1
Angular + Sem ent. 4q 3L n=100,56,-0.7038141665363504,0,0
Angular + Sem ent. 4q 3L n=100,57,-0.7038141665363506,0,0
Angular + Sem ent. 4q 3L n=100,58,-0.7038141665363509,0,0
Angular + Sem ent. 4q 3L n=100,59,0.4901802989729168,1,1
Angular + Sem ent. 4q 3L n=100,60,-0.7038141665363509,0,0
Angular + Sem ent. 4q 3L n=100,61,0.4337901133217655,1,1
Angular + Sem ent. 4q 3L n=100,62,-0.7038141665363502,1,0
Angular + Sem ent. 4q 3L n=100,63,-0.4159764709953089,0,0
Angular + Sem ent. 4q 3L n=100,64,-0.7038141665363509,0,0
Angular + Sem ent. 4q 3L n=100,65,-0.7038141665363509,0,0
Angular + Sem ent. 4q 3L n=100,66,0.8151056249337912,1,1
Angular + Sem ent. 4q 3L n=100,67,0.9807244234810474,1,1
Angular + Sem ent. 4q 3L n=100,68,-0.6824062768042899,0,0
Angular + Sem ent. 4q 3L n=100,69,-0.7038141665363506,1,0
Angular + Sem ent. 4q 3L n=100,70,-0.7038141665363502,0,0
Angular + Sem ent. 4q 3L n=100,71,0.9229765281817817,1,1
Angular + Sem ent. 4q 3L n=100,72,-0.2430152275680486,0,0
Angular + Sem ent. 4q 3L n=100,73,-0.7038141665363506,0,0
Angular + Sem ent. 4q 3L n=100,74,-0.4473864267490214,0,0
Angular + Sem ent. 4q 3L n=100,75,-0.00022906745325401712,1,0
Angular + Sem ent. 4q 3L n=100,76,-0.5708643165358681,0,0
Angular + Sem ent. 4q 3L n=100,77,0.922976528181781,1,1
Angular + Sem ent. 4q 3L n=100,78,0.703814166536351,1,1
Angular + Sem ent. 4q 3L n=100,79,-0.7038141665363508,1,0
Angular + Sem ent. 4q 3L n=100,80,-0.7038141665363504,0,0
Angular + Sem ent. 4q 3L n=100,81,-0.7398160081922525,0,0
Angular + Sem ent. 4q 3L n=100,82,0.14094012717158655,1,1
Angular + Sem ent. 4q 3L n=100,83,0.9134191733950657,1,1
Angular + Sem ent. 4q 3L n=100,84,0.764794963751096,1,1
Angular + Sem ent. 4q 3L n=100,85,-0.7038141665363504,0,0
Angular + Sem ent. 4q 3L n=100,86,0.42786083001835584,1,1
Angular + Sem ent. 4q 3L n=100,87,-0.9500651408713247,0,0
Angular + Sem ent. 4q 3L n=100,88,-0.8673180739862874,0,0
Angular + Sem ent. 4q 3L n=100,89,0.9406432829998528,1,1
Angular + Sem ent. 4q 3L n=100,90,0.9134191733950661,1,1
Angular + Sem ent. 4q 3L n=100,91,0.9406432829998531,1,1
Angular + Sem ent. 4q 3L n=100,92,0.8845025353135402,1,1
Angular + Sem ent. 4q 3L n=100,93,0.7038141665363506,1,1
Angular + Sem ent. 4q 3L n=100,94,0.9500651408713249,1,1
Angular + Sem ent. 4q 3L n=100,95,-0.8009562704064536,0,0
Angular + Sem ent. 4q 3L n=100,96,0.3066752982060208,1,1
Angular + Sem ent. 4q 3L n=100,97,0.639780840821782,1,1
Angular + Sem ent. 4q 3L n=100,98,-0.9406432829998529,0,0
Angular + Sem ent. 4q 3L n=100,99,-0.486591912467678,0,0
MLP Referência 64→32→16 n=100,0,0.0011585068544463684,0,0
MLP Referência 64→32→16 n=100,1,0.001605975418684457,0,0
MLP Referência 64→32→16 n=100,2,0.9998797637824173,1,1
MLP Referência 64→32→16 n=100,3,0.0002963459299849878,0,0
MLP Referência 64→32→16 n=100,4,0.0013616487547089345,0,0
MLP Referência 64→32→16 n=100,5,0.9950617628474655,1,1
MLP Referência 64→32→16 n=100,6,0.999578979309028,1,1
MLP Referência 64→32→16 n=100,7,0.007407399509290313,0,0
MLP Referência 64→32→16 n=100,8,0.9976539121744571,1,1
MLP Referência 64→32→16 n=100,9,0.9994551811262669,1,1
MLP Referência 64→32→16 n=100,10,0.0029224848428920794,0,0
MLP Referência 64→32→16 n=100,11,0.9998343567049345,1,1
MLP Referência 64→32→16 n=100,12,0.9995935612871384,1,1
MLP Referência 64→32→16 n=100,13,0.9988731660092525,1,1
MLP Referência 64→32→16 n=100,14,0.9998569950964861,1,1
MLP Referência 64→32→16 n=100,15,0.0008101301118155448,0,0
MLP Referência 64→32→16 n=100,16,0.9999230811708011,1,1
MLP Referência 64→32→16 n=100,17,0.9943359939486336,1,1
MLP Referência 64→32→16 n=100,18,0.0007754796038269527,0,0
MLP Referência 64→32→16 n=100,19,0.9997912774324182,1,1
MLP Referência 64→32→16 n=100,20,0.9998185783636504,1,1
MLP Referência 64→32→16 n=100,21,0.9997597897898207,1,1
MLP Referência 64→32→16 n=100,22,0.00017410718125970807,0,0
MLP Referência 64→32→16 n=100,23,0.0009613599082370911,0,0
MLP Referência 64→32→16 n=100,24,0.00032887946262537314,0,0
MLP Referência 64→32→16 n=100,25,0.9986221001047236,1,1
MLP Referência 64→32→16 n=100,26,0.9992913528970416,1,1
MLP Referência 64→32→16 n=100,27,0.9962139309175365,1,1
MLP Referência 64→32→16 n=100,28,0.9981284265577576,1,1
MLP Referência 64→32→16 n=100,29,0.001294157989580478,0,0
MLP Referência 64→32→16 n=100,30,0.001465703314666467,0,0
MLP Referência 64→32→16 n=100,31,0.00021386573114246988,0,0
MLP Referência 64→32→16 n=100,32,0.00034862120276483077,0,0
MLP Referência 64→32→16 n=100,33,0.0010403492496987535,0,0
MLP Referência 64→32→16 n=100,34,0.99969548102009,1,1
MLP Referência 64→32→16 n=100,35,0.0011545824133421976,0,0
MLP Referência 64→32→16 n=100,36,0.999496445802542,1,1
MLP Referência 64→32→16 n=100,37,0.0011056788816654571,0,0
MLP Referência 64→32→16 n=100,38,0.9998498470624979,1,1
MLP Referência 64→32→16 n=100,39,0.9998138770901835,1,1
MLP Referência 64→32→16 n=100,40,0.9997960106007344,1,1
MLP Referência 64→32→16 n=100,41,0.9991951364755077,1,1
MLP Referência 64→32→16 n=100,42,0.0017521166344240647,0,0
MLP Referência 64→32→16 n=100,43,0.0005660615980759481,0,0
MLP Referência 64→32→16 n=100,44,0.0023793573255278967,0,0
MLP Referência 64→32→16 n=100,45,0.9999717268993642,1,1
MLP Referência 64→32→16 n=100,46,0.0013386458841868592,0,0
MLP Referência 64→32→16 n=100,47,0.9991048927844016,1,1
MLP Referência 64→32→16 n=100,48,0.9998425832106458,1,1
MLP Referência 64→32→16 n=100,49,0.9999195185781625,1,1
MLP Referência 64→32→16 n=100,50,0.0011181040765063331,0,0
MLP Referência 64→32→16 n=100,51,0.9999118227763176,1,1
MLP Referência 64→32→16 n=100,52,0.001544546572106107,0,0
MLP Referência 64→32→16 n=100,53,0.0006027021233324506,0,0
MLP Referência 64→32→16 n=100,54,0.0095565176741013,0,0
MLP Referência 64→32→16 n=100,55,0.00736294593179037,0,0
MLP Referência 64→32→16 n=100,56,0.9980925199964266,1,1
MLP Referência 64→32→16 n=100,57,0.9997219876517561,1,1
MLP Referência 64→32→16 n=100,58,0.0015564264563738754,0,0
MLP Referência 64→32→16 n=100,59,0.0008173917953538082,0,0
MLP Referência 64→32→16 n=100,60,0.00046993763834029905,0,0
MLP Referência 64→32→16 n=100,61,0.0020249352134327956,0,0
MLP Referência 64→32→16 n=100,62,0.000612360541327634,0,0
MLP Referência 64→32→16 n=100,63,0.9999405417069884,1,1
MLP Referência 64→32→16 n=100,64,0.00037809489116512774,0,0
MLP Referência 64→32→16 n=100,65,0.9982526537088511,1,1
MLP Referência 64→32→16 n=100,66,0.9997541696053228,1,1
MLP Referência 64→32→16 n=100,67,0.9999328860388298,1,1
MLP Referência 64→32→16 n=100,68,0.9996607696534543,1,1
MLP Referência 64→32→16 n=100,69,0.9995274546533374,1,1
MLP Referência 64→32→16 n=100,70,0.0018918447912738845,0,0
MLP Referência 64→32→16 n=100,71,0.9994772139246278,1,1
MLP Referência 64→32→16 n=100,72,0.628850318950353,1,1
MLP Referência 64→32→16 n=100,73,0.007161461626619591,0,0
MLP Referência 64→32→16 n=100,74,0.003328703508693046,0,0
MLP Referência 64→32→16 n=100,75,0.9898009634218545,1,1
MLP Referência 64→32→16 n=100,76,0.0007578522227702768,0,0
MLP Referência 64→32→16 n=100,77,0.0003751760681646576,0,0
MLP Referência 64→32→16 n=100,78,0.0007663598592702068,0,0
MLP Referência 64→32→16 n=100,79,0.9996359849207103,1,1
MLP Referência 64→32→16 n=100,80,0.0006863601489774349,0,0
MLP Referência 64→32→16 n=100,81,0.999816168180386,1,1
MLP Referência 64→32→16 n=100,82,0.0009650899018942842,0,0
MLP Referência 64→32→16 n=100,83,0.002499770053664829,0,0
MLP Referência 64→32→16 n=100,84,0.999372563486395,1,1
MLP Referência 64→32→16 n=100,85,0.9996324929468258,1,1
MLP Referência 64→32→16 n=100,86,0.9995211917565155,1,1
MLP Referência 64→32→16 n=100,87,0.0009966362612991967,0,0
MLP Referência 64→32→16 n=100,88,0.9995874879883049,1,1
MLP Referência 64→32→16 n=100,89,0.9993881683954294,1,1
MLP Referência 64→32→16 n=100,90,0.9890105347175803,1,1
MLP Referência 64→32→16 n=100,91,0.9977245801467768,1,1
MLP Referência 64→32→16 n=100,92,0.9990357290435312,1,1
MLP Referência 64→32→16 n=100,93,0.999556077472821,1,1
MLP Referência 64→32→16 n=100,94,0.0036288739983991957,0,0
MLP Referência 64→32→16 n=100,95,0.002920407375428908,0,0
MLP Referência 64→32→16 n=100,96,0.00020390039772233472,0,0
MLP Referência 64→32→16 n=100,97,0.999588699963503,1,1
MLP Referência 64→32→16 n=100,98,0.0007878299993570977,0,0
MLP Referência 64→32→16 n=100,99,0.9997394865217112,1,1
