config,sample,Z0,y_true,y_pred,correct
Amplitude + Anel 4q 3L n=100,0,0.362254,1,1,1
Amplitude + Anel 4q 3L n=100,1,0.630119,1,1,1
Amplitude + Anel 4q 3L n=100,2,0.490545,1,1,1
Amplitude + Anel 4q 3L n=100,3,-0.818568,0,0,1
Amplitude + Anel 4q 3L n=100,4,-0.630486,0,0,1
Amplitude + Anel 4q 3L n=100,5,-0.652347,0,0,1
Amplitude + Anel 4q 3L n=100,6,-0.686298,0,0,1
Amplitude + Anel 4q 3L n=100,7,0.89814,1,1,1
Amplitude + Anel 4q 3L n=100,8,0.275926,1,1,1
Amplitude + Anel 4q 3L n=100,9,-0.92563,0,0,1
Amplitude + Anel 4q 3L n=100,10,0.758861,1,1,1
Amplitude + Anel 4q 3L n=100,11,-0.569113,0,0,1
Amplitude + Anel 4q 3L n=100,12,0.679191,1,1,1
Amplitude + Anel 4q 3L n=100,13,0.643712,1,1,1
Amplitude + Anel 4q 3L n=100,14,-0.743065,0,0,1
Amplitude + Anel 4q 3L n=100,15,0.82406,1,1,1
Amplitude + Anel 4q 3L n=100,16,0.714854,1,1,1
Amplitude + Anel 4q 3L n=100,17,0.969434,1,1,1
Amplitude + Anel 4q 3L n=100,18,0.66832,1,1,1
Amplitude + Anel 4q 3L n=100,19,0.767776,1,1,1
Amplitude + Anel 4q 3L n=100,20,0.521451,1,1,1
Amplitude + Anel 4q 3L n=100,21,-0.753415,0,0,1
Amplitude + Anel 4q 3L n=100,22,-0.891199,0,0,1
Amplitude + Anel 4q 3L n=100,23,-0.880102,0,0,1
Amplitude + Anel 4q 3L n=100,24,-0.585001,0,0,1
Amplitude + Anel 4q 3L n=100,25,-0.875295,0,0,1
Amplitude + Anel 4q 3L n=100,26,0.504793,1,1,1
Amplitude + Anel 4q 3L n=100,27,0.914824,1,1,1
Amplitude + Anel 4q 3L n=100,28,-0.706392,0,0,1
Amplitude + Anel 4q 3L n=100,29,-0.6701,0,0,1
Amplitude + Anel 4q 3L n=100,30,-0.926723,0,0,1
Amplitude + Anel 4q 3L n=100,31,-0.830629,0,0,1
Amplitude + Anel 4q 3L n=100,32,0.540379,1,1,1
Amplitude + Anel 4q 3L n=100,33,0.016514,1,1,1
Amplitude + Anel 4q 3L n=100,34,-0.855286,0,0,1
Amplitude + Anel 4q 3L n=100,35,-0.857735,0,0,1
Amplitude + Anel 4q 3L n=100,36,-0.83666,0,0,1
Amplitude + Anel 4q 3L n=100,37,-0.689211,0,0,1
Amplitude + Anel 4q 3L n=100,38,0.140065,1,1,1
Amplitude + Anel 4q 3L n=100,39,0.682038,1,1,1
Amplitude + Anel 4q 3L n=100,40,-0.875917,0,0,1
Amplitude + Anel 4q 3L n=100,41,-0.923376,0,0,1
Amplitude + Anel 4q 3L n=100,42,0.792889,1,1,1
Amplitude + Anel 4q 3L n=100,43,-0.903109,0,0,1
Amplitude + Anel 4q 3L n=100,44,0.129717,1,1,1
Amplitude + Anel 4q 3L n=100,45,0.635697,1,1,1
Amplitude + Anel 4q 3L n=100,46,0.269891,1,1,1
Amplitude + Anel 4q 3L n=100,47,0.017508,1,1,1
Amplitude + Anel 4q 3L n=100,48,-0.714738,0,0,1
Amplitude + Anel 4q 3L n=100,49,-0.85751,0,0,1
Amplitude + Anel 4q 3L n=100,50,-0.864631,0,0,1
Amplitude + Anel 4q 3L n=100,51,-0.856595,0,0,1
Amplitude + Anel 4q 3L n=100,52,0.434763,1,1,1
Amplitude + Anel 4q 3L n=100,53,-0.865918,0,0,1
Amplitude + Anel 4q 3L n=100,54,0.474159,1,1,1
Amplitude + Anel 4q 3L n=100,55,0.614796,1,1,1
Amplitude + Anel 4q 3L n=100,56,-0.627264,0,0,1
Amplitude + Anel 4q 3L n=100,57,-0.846674,0,0,1
Amplitude + Anel 4q 3L n=100,58,-0.834276,0,0,1
Amplitude + Anel 4q 3L n=100,59,0.687323,1,1,1
Amplitude + Anel 4q 3L n=100,60,-0.921136,0,0,1
Amplitude + Anel 4q 3L n=100,61,0.660596,1,1,1
Amplitude + Anel 4q 3L n=100,62,0.744642,1,1,1
Amplitude + Anel 4q 3L n=100,63,-0.715861,0,0,1
Amplitude + Anel 4q 3L n=100,64,-0.920808,0,0,1
Amplitude + Anel 4q 3L n=100,65,-0.921418,0,0,1
Amplitude + Anel 4q 3L n=100,66,0.200585,1,1,1
Amplitude + Anel 4q 3L n=100,67,0.910929,1,1,1
Amplitude + Anel 4q 3L n=100,68,-0.827887,0,0,1
Amplitude + Anel 4q 3L n=100,69,0.443616,1,1,1
Amplitude + Anel 4q 3L n=100,70,-0.801783,0,0,1
Amplitude + Anel 4q 3L n=100,71,0.670261,1,1,1
Amplitude + Anel 4q 3L n=100,72,-0.539924,0,0,1
Amplitude + Anel 4q 3L n=100,73,-0.94997,0,0,1
Amplitude + Anel 4q 3L n=100,74,-0.65104,0,0,1
Amplitude + Anel 4q 3L n=100,75,0.435359,1,1,1
Amplitude + Anel 4q 3L n=100,76,-0.701609,0,0,1
Amplitude + Anel 4q 3L n=100,77,0.81417,1,1,1
Amplitude + Anel 4q 3L n=100,78,0.570966,1,1,1
Amplitude + Anel 4q 3L n=100,79,0.54985,1,1,1
Amplitude + Anel 4q 3L n=100,80,-0.683343,0,0,1
Amplitude + Anel 4q 3L n=100,81,-0.881905,0,0,1
Amplitude + Anel 4q 3L n=100,82,0.375812,1,1,1
Amplitude + Anel 4q 3L n=100,83,0.862217,1,1,1
Amplitude + Anel 4q 3L n=100,84,0.687667,1,1,1
Amplitude + Anel 4q 3L n=100,85,-0.842137,0,0,1
Amplitude + Anel 4q 3L n=100,86,0.541724,1,1,1
Amplitude + Anel 4q 3L n=100,87,-0.775824,0,0,1
Amplitude + Anel 4q 3L n=100,88,-0.842055,0,0,1
Amplitude + Anel 4q 3L n=100,89,0.8964,1,1,1
Amplitude + Anel 4q 3L n=100,90,0.799287,1,1,1
Amplitude + Anel 4q 3L n=100,91,0.824584,1,1,1
Amplitude + Anel 4q 3L n=100,92,0.915836,1,1,1
Amplitude + Anel 4q 3L n=100,93,0.479773,1,1,1
Amplitude + Anel 4q 3L n=100,94,0.625044,1,1,1
Amplitude + Anel 4q 3L n=100,95,-0.934357,0,0,1
Amplitude + Anel 4q 3L n=100,96,0.854115,1,1,1
Amplitude + Anel 4q 3L n=100,97,0.821026,1,1,1
Amplitude + Anel 4q 3L n=100,98,-0.874342,0,0,1
Amplitude + Anel 4q 3L n=100,99,-0.770779,0,0,1
Amplitude + None 4q 3L n=100,0,-0.025001,1,0,0
Amplitude + None 4q 3L n=100,1,-0.025336,1,0,0
Amplitude + None 4q 3L n=100,2,-0.02966,1,0,0
Amplitude + None 4q 3L n=100,3,-0.044395,0,0,1
Amplitude + None 4q 3L n=100,4,-0.033706,0,0,1
Amplitude + None 4q 3L n=100,5,-0.019673,0,0,1
Amplitude + None 4q 3L n=100,6,-0.017009,0,0,1
Amplitude + None 4q 3L n=100,7,-0.023096,1,0,0
Amplitude + None 4q 3L n=100,8,-0.027734,1,0,0
Amplitude + None 4q 3L n=100,9,-0.029442,0,0,1
Amplitude + None 4q 3L n=100,10,-0.007063,1,0,0
Amplitude + None 4q 3L n=100,11,-0.024251,0,0,1
Amplitude + None 4q 3L n=100,12,-0.014644,1,0,0
Amplitude + None 4q 3L n=100,13,-0.021913,1,0,0
Amplitude + None 4q 3L n=100,14,-0.027804,0,0,1
Amplitude + None 4q 3L n=100,15,-0.025693,1,0,0
Amplitude + None 4q 3L n=100,16,-0.025123,1,0,0
Amplitude + None 4q 3L n=100,17,-0.021052,1,0,0
Amplitude + None 4q 3L n=100,18,-0.025742,1,0,0
Amplitude + None 4q 3L n=100,19,-0.025316,1,0,0
Amplitude + None 4q 3L n=100,20,-0.019121,1,0,0
Amplitude + None 4q 3L n=100,21,-0.020607,0,0,1
Amplitude + None 4q 3L n=100,22,-0.038098,0,0,1
Amplitude + None 4q 3L n=100,23,-0.02702,0,0,1
Amplitude + None 4q 3L n=100,24,-0.023658,0,0,1
Amplitude + None 4q 3L n=100,25,-0.036696,0,0,1
Amplitude + None 4q 3L n=100,26,-0.022407,1,0,0
Amplitude + None 4q 3L n=100,27,-0.024658,1,0,0
Amplitude + None 4q 3L n=100,28,-0.03238,0,0,1
Amplitude + None 4q 3L n=100,29,-0.016634,0,0,1
Amplitude + None 4q 3L n=100,30,-0.027421,0,0,1
Amplitude + None 4q 3L n=100,31,-0.026553,0,0,1
Amplitude + None 4q 3L n=100,32,-0.033451,1,0,0
Amplitude + None 4q 3L n=100,33,-0.036475,1,0,0
Amplitude + None 4q 3L n=100,34,-0.021619,0,0,1
Amplitude + None 4q 3L n=100,35,-0.021605,0,0,1
Amplitude + None 4q 3L n=100,36,-0.031687,0,0,1
Amplitude + None 4q 3L n=100,37,-0.023704,0,0,1
Amplitude + None 4q 3L n=100,38,-0.027328,1,0,0
Amplitude + None 4q 3L n=100,39,-0.03204,1,0,0
Amplitude + None 4q 3L n=100,40,-0.024106,0,0,1
Amplitude + None 4q 3L n=100,41,-0.021036,0,0,1
Amplitude + None 4q 3L n=100,42,-0.033761,1,0,0
Amplitude + None 4q 3L n=100,43,-0.036159,0,0,1
Amplitude + None 4q 3L n=100,44,-0.02217,1,0,0
Amplitude + None 4q 3L n=100,45,-0.024024,1,0,0
Amplitude + None 4q 3L n=100,46,-0.026443,1,0,0
Amplitude + None 4q 3L n=100,47,-0.032077,1,0,0
Amplitude + None 4q 3L n=100,48,-0.025278,0,0,1
Amplitude + None 4q 3L n=100,49,-0.021002,0,0,1
Amplitude + None 4q 3L n=100,50,-0.034903,0,0,1
Amplitude + None 4q 3L n=100,51,-0.036038,0,0,1
Amplitude + None 4q 3L n=100,52,-0.031107,1,0,0
Amplitude + None 4q 3L n=100,53,-0.037095,0,0,1
Amplitude + None 4q 3L n=100,54,-0.02161,1,0,0
Amplitude + None 4q 3L n=100,55,-0.032849,1,0,0
Amplitude + None 4q 3L n=100,56,-0.025858,0,0,1
Amplitude + None 4q 3L n=100,57,-0.027327,0,0,1
Amplitude + None 4q 3L n=100,58,-0.0261,0,0,1
Amplitude + None 4q 3L n=100,59,-0.023082,1,0,0
Amplitude + None 4q 3L n=100,60,-0.024041,0,0,1
Amplitude + None 4q 3L n=100,61,-0.013446,1,0,0
Amplitude + None 4q 3L n=100,62,-0.029697,1,0,0
Amplitude + None 4q 3L n=100,63,-0.033494,0,0,1
Amplitude + None 4q 3L n=100,64,-0.028116,0,0,1
Amplitude + None 4q 3L n=100,65,-0.030592,0,0,1
Amplitude + None 4q 3L n=100,66,-0.031804,1,0,0
Amplitude + None 4q 3L n=100,67,-0.021614,1,0,0
Amplitude + None 4q 3L n=100,68,-0.032962,0,0,1
Amplitude + None 4q 3L n=100,69,-0.02783,1,0,0
Amplitude + None 4q 3L n=100,70,-0.015002,0,0,1
Amplitude + None 4q 3L n=100,71,-0.024034,1,0,0
Amplitude + None 4q 3L n=100,72,-0.037629,0,0,1
Amplitude + None 4q 3L n=100,73,-0.027585,0,0,1
Amplitude + None 4q 3L n=100,74,-0.030402,0,0,1
Amplitude + None 4q 3L n=100,75,-0.022601,1,0,0
Amplitude + None 4q 3L n=100,76,-0.026648,0,0,1
Amplitude + None 4q 3L n=100,77,-0.024072,1,0,0
Amplitude + None 4q 3L n=100,78,-0.023786,1,0,0
Amplitude + None 4q 3L n=100,79,-0.024736,1,0,0
Amplitude + None 4q 3L n=100,80,-0.022321,0,0,1
Amplitude + None 4q 3L n=100,81,-0.033136,0,0,1
Amplitude + None 4q 3L n=100,82,-0.029714,1,0,0
Amplitude + None 4q 3L n=100,83,-0.022235,1,0,0
Amplitude + None 4q 3L n=100,84,-0.025003,1,0,0
Amplitude + None 4q 3L n=100,85,-0.030755,0,0,1
Amplitude + None 4q 3L n=100,86,-0.030126,1,0,0
Amplitude + None 4q 3L n=100,87,-0.017317,0,0,1
Amplitude + None 4q 3L n=100,88,-0.026915,0,0,1
Amplitude + None 4q 3L n=100,89,-0.024526,1,0,0
Amplitude + None 4q 3L n=100,90,-0.027302,1,0,0
Amplitude + None 4q 3L n=100,91,-0.028745,1,0,0
Amplitude + None 4q 3L n=100,92,-0.018623,1,0,0
Amplitude + None 4q 3L n=100,93,-0.018095,1,0,0
Amplitude + None 4q 3L n=100,94,-0.023461,1,0,0
Amplitude + None 4q 3L n=100,95,-0.031322,0,0,1
Amplitude + None 4q 3L n=100,96,-0.017571,1,0,0
Amplitude + None 4q 3L n=100,97,-0.024463,1,0,0
Amplitude + None 4q 3L n=100,98,-0.023338,0,0,1
Amplitude + None 4q 3L n=100,99,-0.030785,0,0,1
Angular + Anel 2q 3L n=100,0,-0.409788,1,0,0
Angular + Anel 2q 3L n=100,1,0.671188,1,1,1
Angular + Anel 2q 3L n=100,2,0.446265,1,1,1
Angular + Anel 2q 3L n=100,3,-0.963264,0,0,1
Angular + Anel 2q 3L n=100,4,-0.409788,0,0,1
Angular + Anel 2q 3L n=100,5,-0.409788,0,0,1
Angular + Anel 2q 3L n=100,6,-0.433909,0,0,1
Angular + Anel 2q 3L n=100,7,0.592823,1,1,1
Angular + Anel 2q 3L n=100,8,0.395504,1,1,1
Angular + Anel 2q 3L n=100,9,-0.774724,0,0,1
Angular + Anel 2q 3L n=100,10,0.592823,1,1,1
Angular + Anel 2q 3L n=100,11,-0.581396,0,0,1
Angular + Anel 2q 3L n=100,12,0.568843,1,1,1
Angular + Anel 2q 3L n=100,13,-0.283922,1,0,0
Angular + Anel 2q 3L n=100,14,-0.741464,0,0,1
Angular + Anel 2q 3L n=100,15,0.846894,1,1,1
Angular + Anel 2q 3L n=100,16,-0.12174,1,0,0
Angular + Anel 2q 3L n=100,17,0.592823,1,1,1
Angular + Anel 2q 3L n=100,18,0.895377,1,1,1
Angular + Anel 2q 3L n=100,19,0.800934,1,1,1
Angular + Anel 2q 3L n=100,20,0.938562,1,1,1
Angular + Anel 2q 3L n=100,21,-0.989464,0,0,1
Angular + Anel 2q 3L n=100,22,-0.96475,0,0,1
Angular + Anel 2q 3L n=100,23,-0.832273,0,0,1
Angular + Anel 2q 3L n=100,24,-0.409788,0,0,1
Angular + Anel 2q 3L n=100,25,-0.667008,0,0,1
Angular + Anel 2q 3L n=100,26,0.805327,1,1,1
Angular + Anel 2q 3L n=100,27,0.803225,1,1,1
Angular + Anel 2q 3L n=100,28,-0.409788,0,0,1
Angular + Anel 2q 3L n=100,29,-0.456551,0,0,1
Angular + Anel 2q 3L n=100,30,-0.710308,0,0,1
Angular + Anel 2q 3L n=100,31,-0.409788,0,0,1
Angular + Anel 2q 3L n=100,32,0.244018,1,1,1
Angular + Anel 2q 3L n=100,33,0.096869,1,1,1
Angular + Anel 2q 3L n=100,34,-0.479714,0,0,1
Angular + Anel 2q 3L n=100,35,-0.740844,0,0,1
Angular + Anel 2q 3L n=100,36,-0.543233,0,0,1
Angular + Anel 2q 3L n=100,37,-0.37923,0,0,1
Angular + Anel 2q 3L n=100,38,-0.003626,1,0,0
Angular + Anel 2q 3L n=100,39,0.051261,1,1,1
Angular + Anel 2q 3L n=100,40,-0.503955,0,0,1
Angular + Anel 2q 3L n=100,41,-0.86708,0,0,1
Angular + Anel 2q 3L n=100,42,0.221145,1,1,1
Angular + Anel 2q 3L n=100,43,-0.661228,0,0,1
Angular + Anel 2q 3L n=100,44,0.162398,1,1,1
Angular + Anel 2q 3L n=100,45,0.415239,1,1,1
Angular + Anel 2q 3L n=100,46,-0.409788,1,0,0
Angular + Anel 2q 3L n=100,47,-0.26683,1,0,0
Angular + Anel 2q 3L n=100,48,-0.409788,0,0,1
Angular + Anel 2q 3L n=100,49,-0.484935,0,0,1
Angular + Anel 2q 3L n=100,50,-0.776358,0,0,1
Angular + Anel 2q 3L n=100,51,-0.804748,0,0,1
Angular + Anel 2q 3L n=100,52,0.177891,1,1,1
Angular + Anel 2q 3L n=100,53,-0.930282,0,0,1
Angular + Anel 2q 3L n=100,54,0.56988,1,1,1
Angular + Anel 2q 3L n=100,55,0.177891,1,1,1
Angular + Anel 2q 3L n=100,56,-0.77444,0,0,1
Angular + Anel 2q 3L n=100,57,-0.409788,0,0,1
Angular + Anel 2q 3L n=100,58,-0.409788,0,0,1
Angular + Anel 2q 3L n=100,59,0.752591,1,1,1
Angular + Anel 2q 3L n=100,60,-0.979543,0,0,1
Angular + Anel 2q 3L n=100,61,0.28687,1,1,1
Angular + Anel 2q 3L n=100,62,0.396301,1,1,1
Angular + Anel 2q 3L n=100,63,-0.780947,0,0,1
Angular + Anel 2q 3L n=100,64,-0.543233,0,0,1
Angular + Anel 2q 3L n=100,65,-0.86708,0,0,1
Angular + Anel 2q 3L n=100,66,0.341957,1,1,1
Angular + Anel 2q 3L n=100,67,0.524104,1,1,1
Angular + Anel 2q 3L n=100,68,-0.852728,0,0,1
Angular + Anel 2q 3L n=100,69,-0.409788,1,0,0
Angular + Anel 2q 3L n=100,70,-0.409788,0,0,1
Angular + Anel 2q 3L n=100,71,0.896262,1,1,1
Angular + Anel 2q 3L n=100,72,-0.601237,0,0,1
Angular + Anel 2q 3L n=100,73,-0.86708,0,0,1
Angular + Anel 2q 3L n=100,74,-0.312819,0,0,1
Angular + Anel 2q 3L n=100,75,-0.046732,1,0,0
Angular + Anel 2q 3L n=100,76,-0.766403,0,0,1
Angular + Anel 2q 3L n=100,77,0.792261,1,1,1
Angular + Anel 2q 3L n=100,78,0.592823,1,1,1
Angular + Anel 2q 3L n=100,79,-0.674863,1,0,0
Angular + Anel 2q 3L n=100,80,-0.409788,0,0,1
Angular + Anel 2q 3L n=100,81,-0.844637,0,0,1
Angular + Anel 2q 3L n=100,82,0.096869,1,1,1
Angular + Anel 2q 3L n=100,83,0.977201,1,1,1
Angular + Anel 2q 3L n=100,84,0.935325,1,1,1
Angular + Anel 2q 3L n=100,85,-0.776358,0,0,1
Angular + Anel 2q 3L n=100,86,-0.182993,1,0,0
Angular + Anel 2q 3L n=100,87,-0.954305,0,0,1
Angular + Anel 2q 3L n=100,88,-0.947645,0,0,1
Angular + Anel 2q 3L n=100,89,0.703523,1,1,1
Angular + Anel 2q 3L n=100,90,0.848936,1,1,1
Angular + Anel 2q 3L n=100,91,0.732594,1,1,1
Angular + Anel 2q 3L n=100,92,0.475174,1,1,1
Angular + Anel 2q 3L n=100,93,0.856589,1,1,1
Angular + Anel 2q 3L n=100,94,0.631992,1,1,1
Angular + Anel 2q 3L n=100,95,-0.991225,0,0,1
Angular + Anel 2q 3L n=100,96,0.74727,1,1,1
Angular + Anel 2q 3L n=100,97,0.900125,1,1,1
Angular + Anel 2q 3L n=100,98,-0.655179,0,0,1
Angular + Anel 2q 3L n=100,99,-0.816597,0,0,1
Angular + Anel 4q 3L n=100,0,-0.5687,1,0,0
Angular + Anel 4q 3L n=100,1,0.611878,1,1,1
Angular + Anel 4q 3L n=100,2,0.110032,1,1,1
Angular + Anel 4q 3L n=100,3,-0.428295,0,0,1
Angular + Anel 4q 3L n=100,4,-0.572869,0,0,1
Angular + Anel 4q 3L n=100,5,-0.5687,0,0,1
Angular + Anel 4q 3L n=100,6,-0.388641,0,0,1
Angular + Anel 4q 3L n=100,7,0.564994,1,1,1
Angular + Anel 4q 3L n=100,8,0.841136,1,1,1
Angular + Anel 4q 3L n=100,9,-0.733776,0,0,1
Angular + Anel 4q 3L n=100,10,0.28648,1,1,1
Angular + Anel 4q 3L n=100,11,-0.617473,0,0,1
Angular + Anel 4q 3L n=100,12,-0.257998,1,0,0
Angular + Anel 4q 3L n=100,13,0.270212,1,1,1
Angular + Anel 4q 3L n=100,14,-0.537494,0,0,1
Angular + Anel 4q 3L n=100,15,0.799328,1,1,1
Angular + Anel 4q 3L n=100,16,0.533032,1,1,1
Angular + Anel 4q 3L n=100,17,0.216274,1,1,1
Angular + Anel 4q 3L n=100,18,0.927935,1,1,1
Angular + Anel 4q 3L n=100,19,0.744998,1,1,1
Angular + Anel 4q 3L n=100,20,0.816516,1,1,1
Angular + Anel 4q 3L n=100,21,-0.821757,0,0,1
Angular + Anel 4q 3L n=100,22,-0.803154,0,0,1
Angular + Anel 4q 3L n=100,23,-0.758505,0,0,1
Angular + Anel 4q 3L n=100,24,-0.554702,0,0,1
Angular + Anel 4q 3L n=100,25,-0.836849,0,0,1
Angular + Anel 4q 3L n=100,26,0.681992,1,1,1
Angular + Anel 4q 3L n=100,27,0.523822,1,1,1
Angular + Anel 4q 3L n=100,28,-0.632135,0,0,1
Angular + Anel 4q 3L n=100,29,-0.702845,0,0,1
Angular + Anel 4q 3L n=100,30,-0.747675,0,0,1
Angular + Anel 4q 3L n=100,31,-0.555668,0,0,1
Angular + Anel 4q 3L n=100,32,0.021,1,1,1
Angular + Anel 4q 3L n=100,33,0.159785,1,1,1
Angular + Anel 4q 3L n=100,34,-0.559087,0,0,1
Angular + Anel 4q 3L n=100,35,-0.827586,0,0,1
Angular + Anel 4q 3L n=100,36,-0.730571,0,0,1
Angular + Anel 4q 3L n=100,37,-0.853,0,0,1
Angular + Anel 4q 3L n=100,38,0.033384,1,1,1
Angular + Anel 4q 3L n=100,39,0.401765,1,1,1
Angular + Anel 4q 3L n=100,40,-0.637766,0,0,1
Angular + Anel 4q 3L n=100,41,-0.776068,0,0,1
Angular + Anel 4q 3L n=100,42,0.89271,1,1,1
Angular + Anel 4q 3L n=100,43,-0.768099,0,0,1
Angular + Anel 4q 3L n=100,44,-0.183332,1,0,0
Angular + Anel 4q 3L n=100,45,0.356529,1,1,1
Angular + Anel 4q 3L n=100,46,-0.571536,1,0,0
Angular + Anel 4q 3L n=100,47,0.079926,1,1,1
Angular + Anel 4q 3L n=100,48,-0.502734,0,0,1
Angular + Anel 4q 3L n=100,49,-0.598669,0,0,1
Angular + Anel 4q 3L n=100,50,-0.802207,0,0,1
Angular + Anel 4q 3L n=100,51,-0.642569,0,0,1
Angular + Anel 4q 3L n=100,52,0.002356,1,1,1
Angular + Anel 4q 3L n=100,53,-0.762285,0,0,1
Angular + Anel 4q 3L n=100,54,0.74213,1,1,1
Angular + Anel 4q 3L n=100,55,0.002356,1,1,1
Angular + Anel 4q 3L n=100,56,-0.812645,0,0,1
Angular + Anel 4q 3L n=100,57,-0.643767,0,0,1
Angular + Anel 4q 3L n=100,58,-0.556669,0,0,1
Angular + Anel 4q 3L n=100,59,0.855601,1,1,1
Angular + Anel 4q 3L n=100,60,-0.882559,0,0,1
Angular + Anel 4q 3L n=100,61,0.274984,1,1,1
Angular + Anel 4q 3L n=100,62,0.643809,1,1,1
Angular + Anel 4q 3L n=100,63,-0.901441,0,0,1
Angular + Anel 4q 3L n=100,64,-0.667984,0,0,1
Angular + Anel 4q 3L n=100,65,-0.948293,0,0,1
Angular + Anel 4q 3L n=100,66,0.582141,1,1,1
Angular + Anel 4q 3L n=100,67,0.600749,1,1,1
Angular + Anel 4q 3L n=100,68,-0.879616,0,0,1
Angular + Anel 4q 3L n=100,69,-0.5687,1,0,0
Angular + Anel 4q 3L n=100,70,-0.5687,0,0,1
Angular + Anel 4q 3L n=100,71,0.697714,1,1,1
Angular + Anel 4q 3L n=100,72,-0.715899,0,0,1
Angular + Anel 4q 3L n=100,73,-0.940023,0,0,1
Angular + Anel 4q 3L n=100,74,-0.550972,0,0,1
Angular + Anel 4q 3L n=100,75,-0.362718,1,0,0
Angular + Anel 4q 3L n=100,76,-0.904344,0,0,1
Angular + Anel 4q 3L n=100,77,0.946479,1,1,1
Angular + Anel 4q 3L n=100,78,0.216274,1,1,1
Angular + Anel 4q 3L n=100,79,-0.238746,1,0,0
Angular + Anel 4q 3L n=100,80,-0.552091,0,0,1
Angular + Anel 4q 3L n=100,81,-0.928055,0,0,1
Angular + Anel 4q 3L n=100,82,-0.235621,1,0,0
Angular + Anel 4q 3L n=100,83,0.788821,1,1,1
Angular + Anel 4q 3L n=100,84,0.637902,1,1,1
Angular + Anel 4q 3L n=100,85,-0.902896,0,0,1
Angular + Anel 4q 3L n=100,86,-0.121581,1,0,0
Angular + Anel 4q 3L n=100,87,-0.837827,0,0,1
Angular + Anel 4q 3L n=100,88,-0.978327,0,0,1
Angular + Anel 4q 3L n=100,89,0.846353,1,1,1
Angular + Anel 4q 3L n=100,90,0.825189,1,1,1
Angular + Anel 4q 3L n=100,91,0.734282,1,1,1
Angular + Anel 4q 3L n=100,92,0.263895,1,1,1
Angular + Anel 4q 3L n=100,93,0.86482,1,1,1
Angular + Anel 4q 3L n=100,94,0.767387,1,1,1
Angular + Anel 4q 3L n=100,95,-0.797438,0,0,1
Angular + Anel 4q 3L n=100,96,0.170116,1,1,1
Angular + Anel 4q 3L n=100,97,0.740272,1,1,1
Angular + Anel 4q 3L n=100,98,-0.605613,0,0,1
Angular + Anel 4q 3L n=100,99,-0.821271,0,0,1
Angular + Anel 6q 3L n=100,0,-0.664555,1,0,0
Angular + Anel 6q 3L n=100,1,0.026286,1,1,1
Angular + Anel 6q 3L n=100,2,0.046523,1,1,1
Angular + Anel 6q 3L n=100,3,-0.272071,0,0,1
Angular + Anel 6q 3L n=100,4,-0.90205,0,0,1
Angular + Anel 6q 3L n=100,5,-0.664555,0,0,1
Angular + Anel 6q 3L n=100,6,-0.429919,0,0,1
Angular + Anel 6q 3L n=100,7,0.822581,1,1,1
Angular + Anel 6q 3L n=100,8,0.634041,1,1,1
Angular + Anel 6q 3L n=100,9,-0.320439,0,0,1
Angular + Anel 6q 3L n=100,10,0.365449,1,1,1
Angular + Anel 6q 3L n=100,11,-0.700519,0,0,1
Angular + Anel 6q 3L n=100,12,0.062164,1,1,1
Angular + Anel 6q 3L n=100,13,0.161145,1,1,1
Angular + Anel 6q 3L n=100,14,-0.240833,0,0,1
Angular + Anel 6q 3L n=100,15,0.047984,1,1,1
Angular + Anel 6q 3L n=100,16,0.428085,1,1,1
Angular + Anel 6q 3L n=100,17,0.669228,1,1,1
Angular + Anel 6q 3L n=100,18,0.861895,1,1,1
Angular + Anel 6q 3L n=100,19,-0.006186,1,0,0
Angular + Anel 6q 3L n=100,20,-0.124875,1,0,0
Angular + Anel 6q 3L n=100,21,-0.669601,0,0,1
Angular + Anel 6q 3L n=100,22,-0.847185,0,0,1
Angular + Anel 6q 3L n=100,23,-0.704356,0,0,1
Angular + Anel 6q 3L n=100,24,-0.666362,0,0,1
Angular + Anel 6q 3L n=100,25,-0.851279,0,0,1
Angular + Anel 6q 3L n=100,26,-0.468139,1,0,0
Angular + Anel 6q 3L n=100,27,0.699112,1,1,1
Angular + Anel 6q 3L n=100,28,-0.855131,0,0,1
Angular + Anel 6q 3L n=100,29,-0.090697,0,0,1
Angular + Anel 6q 3L n=100,30,-0.371297,0,0,1
Angular + Anel 6q 3L n=100,31,-0.666635,0,0,1
Angular + Anel 6q 3L n=100,32,-0.000151,1,0,0
Angular + Anel 6q 3L n=100,33,0.085018,1,1,1
Angular + Anel 6q 3L n=100,34,-0.364977,0,0,1
Angular + Anel 6q 3L n=100,35,-0.611111,0,0,1
Angular + Anel 6q 3L n=100,36,-0.898676,0,0,1
Angular + Anel 6q 3L n=100,37,-0.258508,0,0,1
Angular + Anel 6q 3L n=100,38,0.30554,1,1,1
Angular + Anel 6q 3L n=100,39,0.37975,1,1,1
Angular + Anel 6q 3L n=100,40,-0.959461,0,0,1
Angular + Anel 6q 3L n=100,41,-0.731033,0,0,1
Angular + Anel 6q 3L n=100,42,0.720141,1,1,1
Angular + Anel 6q 3L n=100,43,-0.342097,0,0,1
Angular + Anel 6q 3L n=100,44,-0.265234,1,0,0
Angular + Anel 6q 3L n=100,45,-0.144137,1,0,0
Angular + Anel 6q 3L n=100,46,-0.661987,1,0,0
Angular + Anel 6q 3L n=100,47,0.446944,1,1,1
Angular + Anel 6q 3L n=100,48,-0.667253,0,0,1
Angular + Anel 6q 3L n=100,49,-0.695225,0,0,1
Angular + Anel 6q 3L n=100,50,-0.783891,0,0,1
Angular + Anel 6q 3L n=100,51,-0.859925,0,0,1
Angular + Anel 6q 3L n=100,52,0.004481,1,1,1
Angular + Anel 6q 3L n=100,53,-0.900604,0,0,1
Angular + Anel 6q 3L n=100,54,-0.098426,1,0,0
Angular + Anel 6q 3L n=100,55,0.004481,1,1,1
Angular + Anel 6q 3L n=100,56,-0.846412,0,0,1
Angular + Anel 6q 3L n=100,57,-0.901348,0,0,1
Angular + Anel 6q 3L n=100,58,-0.666546,0,0,1
Angular + Anel 6q 3L n=100,59,0.075774,1,1,1
Angular + Anel 6q 3L n=100,60,-0.864981,0,0,1
Angular + Anel 6q 3L n=100,61,0.013164,1,1,1
Angular + Anel 6q 3L n=100,62,0.514648,1,1,1
Angular + Anel 6q 3L n=100,63,-0.63617,0,0,1
Angular + Anel 6q 3L n=100,64,-0.831876,0,0,1
Angular + Anel 6q 3L n=100,65,-0.836049,0,0,1
Angular + Anel 6q 3L n=100,66,-0.165166,1,0,0
Angular + Anel 6q 3L n=100,67,0.42822,1,1,1
Angular + Anel 6q 3L n=100,68,-0.848879,0,0,1
Angular + Anel 6q 3L n=100,69,-0.664555,1,0,0
Angular + Anel 6q 3L n=100,70,-0.664555,0,0,1
Angular + Anel 6q 3L n=100,71,0.346338,1,1,1
Angular + Anel 6q 3L n=100,72,-0.260581,0,0,1
Angular + Anel 6q 3L n=100,73,-0.836125,0,0,1
Angular + Anel 6q 3L n=100,74,-0.720427,0,0,1
Angular + Anel 6q 3L n=100,75,-0.233405,1,0,0
Angular + Anel 6q 3L n=100,76,-0.760596,0,0,1
Angular + Anel 6q 3L n=100,77,0.487611,1,1,1
Angular + Anel 6q 3L n=100,78,0.669228,1,1,1
Angular + Anel 6q 3L n=100,79,0.440603,1,1,1
Angular + Anel 6q 3L n=100,80,-0.776473,0,0,1
Angular + Anel 6q 3L n=100,81,-0.855135,0,0,1
Angular + Anel 6q 3L n=100,82,-0.060682,1,0,0
Angular + Anel 6q 3L n=100,83,0.607398,1,1,1
Angular + Anel 6q 3L n=100,84,0.247249,1,1,1
Angular + Anel 6q 3L n=100,85,-0.859219,0,0,1
Angular + Anel 6q 3L n=100,86,-0.058998,1,0,0
Angular + Anel 6q 3L n=100,87,-0.639633,0,0,1
Angular + Anel 6q 3L n=100,88,-0.825728,0,0,1
Angular + Anel 6q 3L n=100,89,0.727306,1,1,1
Angular + Anel 6q 3L n=100,90,0.638332,1,1,1
Angular + Anel 6q 3L n=100,91,0.597366,1,1,1
Angular + Anel 6q 3L n=100,92,0.832636,1,1,1
Angular + Anel 6q 3L n=100,93,-0.187996,1,0,0
Angular + Anel 6q 3L n=100,94,0.547572,1,1,1
Angular + Anel 6q 3L n=100,95,-0.895312,0,0,1
Angular + Anel 6q 3L n=100,96,0.061454,1,1,1
Angular + Anel 6q 3L n=100,97,0.119978,1,1,1
Angular + Anel 6q 3L n=100,98,-0.881917,0,0,1
Angular + Anel 6q 3L n=100,99,-0.589125,0,0,1
Angular + Sem ent. 4q 3L n=100,0,-0.703814,1,0,0
Angular + Sem ent. 4q 3L n=100,1,0.14094,1,1,1
Angular + Sem ent. 4q 3L n=100,2,0.639781,1,1,1
Angular + Sem ent. 4q 3L n=100,3,-0.832082,0,0,1
Angular + Sem ent. 4q 3L n=100,4,-0.703814,0,0,1
Angular + Sem ent. 4q 3L n=100,5,-0.703814,0,0,1
Angular + Sem ent. 4q 3L n=100,6,-0.862672,0,0,1
Angular + Sem ent. 4q 3L n=100,7,0.703814,1,1,1
Angular + Sem ent. 4q 3L n=100,8,-0.703814,1,0,0
Angular + Sem ent. 4q 3L n=100,9,-0.922977,0,0,1
Angular + Sem ent. 4q 3L n=100,10,0.703814,1,1,1
Angular + Sem ent. 4q 3L n=100,11,-0.867318,0,0,1
Angular + Sem ent. 4q 3L n=100,12,0.332156,1,1,1
Angular + Sem ent. 4q 3L n=100,13,-0.663188,1,0,0
Angular + Sem ent. 4q 3L n=100,14,-0.764795,0,0,1
Angular + Sem ent. 4q 3L n=100,15,0.49018,1,1,1
Angular + Sem ent. 4q 3L n=100,16,-0.473107,1,0,0
Angular + Sem ent. 4q 3L n=100,17,0.703814,1,1,1
Angular + Sem ent. 4q 3L n=100,18,0.703814,1,1,1
Angular + Sem ent. 4q 3L n=100,19,0.759069,1,1,1
Angular + Sem ent. 4q 3L n=100,20,0.895073,1,1,1
Angular + Sem ent. 4q 3L n=100,21,-0.950065,0,0,1
Angular + Sem ent. 4q 3L n=100,22,-0.815106,0,0,1
Angular + Sem ent. 4q 3L n=100,23,-0.898781,0,0,1
Angular + Sem ent. 4q 3L n=100,24,-0.703814,0,0,1
Angular + Sem ent. 4q 3L n=100,25,-0.703814,0,0,1
Angular + Sem ent. 4q 3L n=100,26,0.967278,1,1,1
Angular + Sem ent. 4q 3L n=100,27,0.703814,1,1,1
Angular + Sem ent. 4q 3L n=100,28,-0.703814,0,0,1
Angular + Sem ent. 4q 3L n=100,29,-0.09767,0,0,1
Angular + Sem ent. 4q 3L n=100,30,-0.706266,0,0,1
Angular + Sem ent. 4q 3L n=100,31,-0.703814,0,0,1
Angular + Sem ent. 4q 3L n=100,32,0.49018,1,1,1
Angular + Sem ent. 4q 3L n=100,33,0.14094,1,1,1
Angular + Sem ent. 4q 3L n=100,34,-0.602329,0,0,1
Angular + Sem ent. 4q 3L n=100,35,-0.800956,0,0,1
Angular + Sem ent. 4q 3L n=100,36,-0.703814,0,0,1
Angular + Sem ent. 4q 3L n=100,37,0.045278,0,1,0
Angular + Sem ent. 4q 3L n=100,38,-0.703814,1,0,0
Angular + Sem ent. 4q 3L n=100,39,-0.229757,1,0,0
Angular + Sem ent. 4q 3L n=100,40,-0.815106,0,0,1
Angular + Sem ent. 4q 3L n=100,41,-0.703814,0,0,1
Angular + Sem ent. 4q 3L n=100,42,-0.703814,1,0,0
Angular + Sem ent. 4q 3L n=100,43,-0.922977,0,0,1
Angular + Sem ent. 4q 3L n=100,44,-0.023407,1,0,0
Angular + Sem ent. 4q 3L n=100,45,-0.229757,1,0,0
Angular + Sem ent. 4q 3L n=100,46,-0.703814,1,0,0
Angular + Sem ent. 4q 3L n=100,47,-0.703814,1,0,0
Angular + Sem ent. 4q 3L n=100,48,-0.703814,0,0,1
Angular + Sem ent. 4q 3L n=100,49,-0.760606,0,0,1
Angular + Sem ent. 4q 3L n=100,50,-0.703814,0,0,1
Angular + Sem ent. 4q 3L n=100,51,-0.847944,0,0,1
Angular + Sem ent. 4q 3L n=100,52,0.321742,1,1,1
Angular + Sem ent. 4q 3L n=100,53,-0.831221,0,0,1
Angular + Sem ent. 4q 3L n=100,54,0.950065,1,1,1
Angular + Sem ent. 4q 3L n=100,55,0.321742,1,1,1
Angular + Sem ent. 4q 3L n=100,56,-0.703814,0,0,1
Angular + Sem ent. 4q 3L n=100,57,-0.703814,0,0,1
Angular + Sem ent. 4q 3L n=100,58,-0.703814,0,0,1
Angular + Sem ent. 4q 3L n=100,59,0.49018,1,1,1
Angular + Sem ent. 4q 3L n=100,60,-0.703814,0,0,1
Angular + Sem ent. 4q 3L n=100,61,0.43379,1,1,1
Angular + Sem ent. 4q 3L n=100,62,-0.703814,1,0,0
Angular + Sem ent. 4q 3L n=100,63,-0.415976,0,0,1
Angular + Sem ent. 4q 3L n=100,64,-0.703814,0,0,1
Angular + Sem ent. 4q 3L n=100,65,-0.703814,0,0,1
Angular + Sem ent. 4q 3L n=100,66,0.815106,1,1,1
Angular + Sem ent. 4q 3L n=100,67,0.980724,1,1,1
Angular + Sem ent. 4q 3L n=100,68,-0.682406,0,0,1
Angular + Sem ent. 4q 3L n=100,69,-0.703814,1,0,0
Angular + Sem ent. 4q 3L n=100,70,-0.703814,0,0,1
Angular + Sem ent. 4q 3L n=100,71,0.922977,1,1,1
Angular + Sem ent. 4q 3L n=100,72,-0.243015,0,0,1
Angular + Sem ent. 4q 3L n=100,73,-0.703814,0,0,1
Angular + Sem ent. 4q 3L n=100,74,-0.447386,0,0,1
Angular + Sem ent. 4q 3L n=100,75,-0.000229,1,0,0
Angular + Sem ent. 4q 3L n=100,76,-0.570864,0,0,1
Angular + Sem ent. 4q 3L n=100,77,0.922977,1,1,1
Angular + Sem ent. 4q 3L n=100,78,0.703814,1,1,1
Angular + Sem ent. 4q 3L n=100,79,-0.703814,1,0,0
Angular + Sem ent. 4q 3L n=100,80,-0.703814,0,0,1
Angular + Sem ent. 4q 3L n=100,81,-0.739816,0,0,1
Angular + Sem ent. 4q 3L n=100,82,0.14094,1,1,1
Angular + Sem ent. 4q 3L n=100,83,0.913419,1,1,1
Angular + Sem ent. 4q 3L n=100,84,0.764795,1,1,1
Angular + Sem ent. 4q 3L n=100,85,-0.703814,0,0,1
Angular + Sem ent. 4q 3L n=100,86,0.427861,1,1,1
Angular + Sem ent. 4q 3L n=100,87,-0.950065,0,0,1
Angular + Sem ent. 4q 3L n=100,88,-0.867318,0,0,1
Angular + Sem ent. 4q 3L n=100,89,0.940643,1,1,1
Angular + Sem ent. 4q 3L n=100,90,0.913419,1,1,1
Angular + Sem ent. 4q 3L n=100,91,0.940643,1,1,1
Angular + Sem ent. 4q 3L n=100,92,0.884503,1,1,1
Angular + Sem ent. 4q 3L n=100,93,0.703814,1,1,1
Angular + Sem ent. 4q 3L n=100,94,0.950065,1,1,1
Angular + Sem ent. 4q 3L n=100,95,-0.800956,0,0,1
Angular + Sem ent. 4q 3L n=100,96,0.306675,1,1,1
Angular + Sem ent. 4q 3L n=100,97,0.639781,1,1,1
Angular + Sem ent. 4q 3L n=100,98,-0.940643,0,0,1
Angular + Sem ent. 4q 3L n=100,99,-0.486592,0,0,1
