entanglement,seed,final_acc,best_acc,train_acc,epochs_run,timestamp
ring,0,0.97,0.97,0.96,60,2026-04-27T10:10:46
ring,1,0.9,0.93,0.93,60,2026-04-27T10:19:05
ring,2,0.83,0.86,0.93,60,2026-04-27T10:25:39
ring,3,0.9,0.93,0.96,60,2026-04-27T10:31:48
ring,4,0.86,0.93,0.87,60,2026-04-27T10:36:30
ring,5,0.91,0.92,0.92,60,2026-04-27T10:41:32
ring,6,0.89,0.89,0.92,60,2026-04-27T10:46:15
ring,7,0.94,0.95,0.9,60,2026-04-27T10:52:54
ring,8,0.88,0.89,0.89,60,2026-04-27T10:58:01
ring,9,0.9,0.91,0.86,60,2026-04-27T11:01:53
ring,10,0.91,0.93,0.91,60,2026-04-27T11:05:36
ring,11,0.94,0.95,0.93,60,2026-04-27T11:09:24
ring,12,0.92,0.92,0.93,60,2026-04-27T11:13:07
ring,13,0.92,0.93,0.9,60,2026-04-27T11:16:53
ring,14,0.83,0.87,0.86,60,2026-04-27T11:20:39
ring,15,0.82,0.91,0.92,60,2026-04-27T11:24:23
ring,16,0.94,0.94,0.91,60,2026-04-27T11:28:08
ring,17,0.85,0.88,0.87,60,2026-04-27T11:31:52
ring,18,0.84,0.88,0.91,60,2026-04-27T11:35:39
ring,19,0.9,0.92,0.9,60,2026-04-27T11:39:22
ring,20,0.93,0.93,0.95,60,2026-04-27T11:43:10
ring,21,0.87,0.89,0.87,60,2026-04-27T11:46:53
ring,22,0.9,0.94,0.94,60,2026-04-27T11:50:36
ring,23,0.84,0.89,0.88,60,2026-04-27T11:54:21
ring,24,0.93,0.95,0.88,60,2026-04-27T11:58:06
ring,25,0.84,0.86,0.89,60,2026-04-27T12:01:51
ring,26,0.91,0.93,0.93,60,2026-04-27T12:05:36
ring,27,0.87,0.9,0.93,60,2026-04-27T12:09:23
ring,28,0.88,0.88,0.91,60,2026-04-27T12:13:09
ring,29,0.86,0.86,0.86,60,2026-04-27T12:16:57
all_to_all,0,0.95,0.96,0.93,60,2026-04-27T12:21:02
all_to_all,1,0.89,0.91,0.95,60,2026-04-27T12:25:05
all_to_all,2,0.92,0.92,0.98,60,2026-04-27T12:29:10
all_to_all,3,0.86,0.86,0.91,60,2026-04-27T12:33:14
all_to_all,4,0.87,0.9,0.94,60,2026-04-27T12:37:21
all_to_all,5,0.87,0.88,0.88,60,2026-04-27T12:41:27
all_to_all,6,0.88,0.9,0.88,60,2026-04-27T12:45:34
all_to_all,7,0.86,0.87,0.87,60,2026-04-27T12:49:37
all_to_all,8,0.86,0.9,0.89,60,2026-04-27T12:53:41
all_to_all,9,0.9,0.91,0.85,60,2026-04-27T12:57:47
all_to_all,10,0.92,0.92,0.91,60,2026-04-27T13:01:51
all_to_all,11,0.92,0.92,0.88,60,2026-04-27T13:05:57
all_to_all,12,0.91,0.91,0.92,60,2026-04-27T13:10:01
all_to_all,13,0.91,0.93,0.91,60,2026-04-27T13:14:07
all_to_all,14,0.82,0.83,0.85,60,2026-04-27T13:18:12
all_to_all,15,0.92,0.92,0.93,60,2026-04-27T13:22:18
all_to_all,16,0.93,0.94,0.92,60,2026-04-27T13:26:25
all_to_all,17,0.85,0.86,0.91,60,2026-04-27T13:30:29
all_to_all,18,0.89,0.89,0.95,60,2026-04-27T13:34:34
all_to_all,19,0.91,0.95,0.9,60,2026-04-27T13:38:38
all_to_all,20,0.88,0.95,0.9,60,2026-04-27T13:42:42
all_to_all,21,0.89,0.89,0.87,60,2026-04-27T13:47:28
all_to_all,22,0.98,0.99,0.91,60,2026-04-27T13:52:34
all_to_all,23,0.96,0.96,0.94,60,2026-04-27T13:57:32
all_to_all,24,0.86,0.87,0.88,60,2026-04-27T14:02:27
all_to_all,25,0.86,0.86,0.87,60,2026-04-27T14:07:25
all_to_all,26,0.91,0.93,0.98,60,2026-04-27T14:12:24
all_to_all,27,0.92,0.94,0.92,60,2026-04-27T14:17:18
all_to_all,28,0.84,0.86,0.85,60,2026-04-27T14:22:15
all_to_all,29,0.93,0.93,0.92,60,2026-04-27T14:27:14
none,0,0.8,0.86,0.87,60,2026-04-27T14:31:00
none,1,0.82,0.87,0.85,60,2026-04-27T14:35:07
none,2,0.83,0.84,0.88,60,2026-04-27T14:39:01
none,3,0.82,0.86,0.87,60,2026-04-27T14:42:57
none,4,0.86,0.88,0.86,60,2026-04-27T14:47:17
none,5,0.82,0.87,0.88,60,2026-04-27T14:51:20
none,6,0.88,0.91,0.85,60,2026-04-27T14:55:55
none,7,0.85,0.89,0.84,60,2026-04-27T15:00:14
none,8,0.84,0.87,0.85,60,2026-04-27T15:04:21
none,9,0.86,0.89,0.86,60,2026-04-27T15:08:24
none,10,0.89,0.9,0.85,60,2026-04-27T15:12:52
none,11,0.89,0.9,0.84,60,2026-04-27T15:16:44
none,12,0.84,0.92,0.86,60,2026-04-27T15:20:39
none,13,0.89,0.94,0.85,60,2026-04-27T15:24:24
none,14,0.83,0.87,0.86,60,2026-04-27T15:28:14
none,15,0.81,0.89,0.89,60,2026-04-27T15:32:01
none,16,0.87,0.9,0.85,60,2026-04-27T15:35:51
none,17,0.84,0.88,0.9,60,2026-04-27T15:39:42
none,18,0.84,0.86,0.86,60,2026-04-27T15:43:35
none,19,0.91,0.95,0.86,60,2026-04-27T15:47:26
none,20,0.86,0.93,0.83,60,2026-04-27T15:51:16
none,21,0.89,0.89,0.88,60,2026-04-27T15:55:13
none,22,0.9,0.91,0.85,60,2026-04-27T15:59:05
none,23,0.84,0.88,0.88,60,2026-04-27T16:02:52
none,24,0.87,0.88,0.85,60,2026-04-27T16:06:44
none,25,0.84,0.88,0.86,60,2026-04-27T16:10:38
none,26,0.81,0.84,0.87,60,2026-04-27T16:14:52
none,27,0.87,0.89,0.87,60,2026-04-27T16:18:41
none,28,0.83,0.84,0.86,60,2026-04-27T16:22:26
none,29,0.84,0.88,0.87,60,2026-04-27T16:26:13
