dataset,topology,encoding,train_size,seed,final_acc,best_acc,train_acc,grad_var_init,train_time_s,timestamp
mnist_0v1,ring,angular,50,3,0.84,0.86,0.96,0.04379015,376.4,2026-05-28T08:31:15
mnist_0v1,ring,angular,50,0,0.86,0.89,0.94,0.06422135,377.4,2026-05-28T08:31:16
mnist_0v1,ring,angular,50,2,0.89,0.92,0.94,0.10141864,377.8,2026-05-28T08:31:16
mnist_0v1,ring,angular,50,1,0.95,0.96,0.96,0.08209571,377.8,2026-05-28T08:31:16
mnist_0v1,ring,angular,50,5,0.94,0.95,0.92,0.10346447,378.1,2026-05-28T08:31:16
mnist_0v1,ring,angular,50,4,0.92,0.95,0.92,0.03380554,379.5,2026-05-28T08:31:18
mnist_0v1,ring,angular,50,7,0.84,0.86,0.88,0.08142965,413.7,2026-05-28T08:38:11
mnist_0v1,ring,angular,50,6,0.93,0.93,0.96,0.07355703,415.2,2026-05-28T08:38:11
mnist_0v1,ring,angular,50,8,0.79,0.8,0.9,0.06840895,414.3,2026-05-28T08:38:12
mnist_0v1,ring,angular,50,9,0.84,0.94,0.92,0.05771864,415.5,2026-05-28T08:38:13
mnist_0v1,ring,angular,100,0,0.84,0.88,0.97,0.04584262,585.5,2026-05-28T08:41:03
mnist_0v1,ring,angular,100,1,0.95,0.96,0.94,0.02872644,584.2,2026-05-28T08:41:04
mnist_0v1,ring,angular,100,2,0.9,0.92,0.92,0.09599024,590.5,2026-05-28T08:48:03
mnist_0v1,ring,angular,100,3,0.86,0.95,0.93,0.04354343,591.8,2026-05-28T08:48:04
mnist_0v1,ring,angular,100,4,0.91,0.93,0.91,0.03176464,591.8,2026-05-28T08:48:05
mnist_0v1,ring,angular,100,5,0.92,0.93,0.9,0.09232325,591.7,2026-05-28T08:48:06
mnist_0v1,ring,angular,100,6,0.89,0.89,0.92,0.06236072,592.0,2026-05-28T08:50:57
mnist_0v1,ring,angular,100,7,0.85,0.94,0.94,0.06240394,594.0,2026-05-28T08:50:59
mnist_0v1,ring,angular,100,8,0.8,0.81,0.89,0.0816388,559.3,2026-05-28T08:57:23
mnist_0v1,ring,angular,100,9,0.86,0.93,0.92,0.05825082,560.9,2026-05-28T08:57:27
mnist_0v1,ring,angular,200,0,0.83,0.88,0.935,0.07805372,956.0,2026-05-28T09:04:02
mnist_0v1,ring,angular,200,1,0.92,0.95,0.91,0.07796071,958.4,2026-05-28T09:04:06
mnist_0v1,ring,angular,200,2,0.91,0.92,0.91,0.07463445,1009.0,2026-05-28T09:07:47
mnist_0v1,ring,angular,200,3,0.87,0.92,0.895,0.03536994,1014.8,2026-05-28T09:07:56
mnist_0v1,ring,angular,200,4,0.92,0.95,0.89,0.05019323,1029.3,2026-05-28T09:14:34
mnist_0v1,ring,angular,200,5,0.95,0.95,0.865,0.09079285,1033.4,2026-05-28T09:14:43
mnist_0v1,ring,amplitude,50,0,0.97,0.97,0.98,0.07404685,334.8,2026-05-28T09:20:10
mnist_0v1,ring,amplitude,50,1,1.0,1.0,0.98,0.15471423,334.9,2026-05-28T09:20:19
mnist_0v1,ring,angular,200,6,0.88,0.89,0.9,0.06408963,995.6,2026-05-28T09:20:40
mnist_0v1,ring,angular,200,7,0.9,0.94,0.91,0.06767611,996.4,2026-05-28T09:20:44
mnist_0v1,ring,angular,200,8,0.89,0.89,0.92,0.1045537,945.3,2026-05-28T09:23:34
mnist_0v1,ring,angular,200,9,0.87,0.94,0.915,0.07357865,945.1,2026-05-28T09:23:42
mnist_0v1,ring,amplitude,50,2,1.0,1.0,1.0,0.17194711,323.5,2026-05-28T09:25:35
mnist_0v1,ring,amplitude,50,3,0.98,0.99,1.0,0.11554853,324.2,2026-05-28T09:25:45
mnist_0v1,ring,amplitude,50,4,0.98,0.98,0.98,0.11413155,319.8,2026-05-28T09:26:02
mnist_0v1,ring,amplitude,50,5,0.99,0.99,1.0,0.06087584,318.8,2026-05-28T09:26:04
mnist_0v1,ring,amplitude,50,6,1.0,1.0,1.0,0.09901578,301.6,2026-05-28T09:28:37
mnist_0v1,ring,amplitude,50,7,1.0,1.0,1.0,0.11893999,303.1,2026-05-28T09:28:46
mnist_0v1,ring,amplitude,50,8,1.0,1.0,1.0,0.05998995,302.0,2026-05-28T09:30:38
mnist_0v1,ring,amplitude,50,9,0.95,0.98,1.0,0.05703412,305.9,2026-05-28T09:30:52
mnist_0v1,ring,amplitude,100,0,0.98,0.98,0.99,0.10543506,451.4,2026-05-28T09:33:34
mnist_0v1,ring,amplitude,100,1,1.0,1.0,0.98,0.2353664,450.1,2026-05-28T09:33:36
mnist_0v1,ring,amplitude,100,2,1.0,1.0,1.0,0.20331031,456.0,2026-05-28T09:36:14
mnist_0v1,ring,amplitude,100,3,0.99,0.99,0.99,0.12365384,463.7,2026-05-28T09:36:31
mnist_0v1,ring,amplitude,100,4,0.97,0.98,0.98,0.09934133,509.9,2026-05-28T09:39:10
mnist_0v1,ring,amplitude,100,5,0.99,0.99,1.0,0.07052826,513.2,2026-05-28T09:39:26
mnist_0v1,ring,amplitude,100,7,1.0,1.0,1.0,0.11444156,584.1,2026-05-28T09:43:21
mnist_0v1,ring,amplitude,100,6,0.99,1.0,0.98,0.11845681,589.5,2026-05-28T09:43:25
mnist_0v1,ring,amplitude,100,8,1.0,1.0,1.0,0.06147656,605.5,2026-05-28T09:46:20
mnist_0v1,ring,amplitude,100,9,0.97,0.97,1.0,0.05833842,602.2,2026-05-28T09:46:35
mnist_0v1,ring,amplitude,200,0,0.97,0.97,0.975,0.06126705,909.5,2026-05-28T09:54:21
mnist_0v1,ring,amplitude,200,1,0.99,1.0,0.975,0.11228722,915.1,2026-05-28T09:54:43
mnist_0v1,ring,amplitude,200,2,1.0,1.0,1.0,0.18482267,863.9,2026-05-28T09:57:46
mnist_0v1,ring,amplitude,200,3,0.99,1.0,0.995,0.13126721,865.5,2026-05-28T09:57:52
mnist_0v1,ring,amplitude,200,4,0.98,0.98,0.96,0.09950883,850.9,2026-05-28T10:00:33
mnist_0v1,ring,amplitude,200,5,0.97,0.97,0.99,0.06898925,859.9,2026-05-28T10:00:57
mnist_0v1,all_to_all,angular,50,0,0.85,0.89,0.92,0.27694959,462.4,2026-05-28T10:08:17
mnist_0v1,all_to_all,angular,50,1,0.94,0.94,0.94,0.22585759,457.2,2026-05-28T10:08:35
mnist_0v1,ring,amplitude,200,6,0.98,0.98,0.985,0.09603941,885.7,2026-05-28T10:09:08
mnist_0v1,ring,amplitude,200,7,1.0,1.0,1.0,0.08861931,895.8,2026-05-28T10:09:40
mnist_0v1,ring,amplitude,200,8,1.0,1.0,1.0,0.05963122,889.5,2026-05-28T10:12:37
mnist_0v1,ring,amplitude,200,9,0.97,0.97,0.985,0.05856871,887.9,2026-05-28T10:12:41
mnist_0v1,all_to_all,angular,50,2,0.844444,0.944444,0.94,0.0380208,353.6,2026-05-28T10:23:54
mnist_0v1,all_to_all,angular,50,6,0.8,0.811111,0.9,0.05701535,353.6,2026-05-28T10:23:54
mnist_0v1,all_to_all,angular,50,5,0.911111,0.911111,0.92,0.15248277,354.2,2026-05-28T10:23:54
mnist_0v1,all_to_all,angular,50,3,0.866667,0.911111,0.88,0.03461521,354.6,2026-05-28T10:23:55
mnist_0v1,all_to_all,angular,50,7,0.855556,0.9,0.92,0.03916238,356.0,2026-05-28T10:23:56
mnist_0v1,all_to_all,angular,50,4,0.9,0.911111,0.94,0.17098932,357.5,2026-05-28T10:23:58
mnist_0v1,all_to_all,angular,50,8,0.877778,0.9,0.88,0.02872082,324.2,2026-05-28T10:29:19
mnist_0v1,all_to_all,angular,50,9,0.844444,0.9,0.88,0.08400779,325.6,2026-05-28T10:29:21
mnist_0v1,all_to_all,angular,100,0,0.877778,0.888889,0.93,0.22338413,498.4,2026-05-28T10:32:14
mnist_0v1,all_to_all,angular,100,1,0.922222,0.933333,0.92,0.17733296,499.0,2026-05-28T10:32:15
mnist_0v1,all_to_all,angular,100,2,0.877778,0.933333,0.96,0.06043576,500.8,2026-05-28T10:32:18
mnist_0v1,all_to_all,angular,100,3,0.866667,0.911111,0.9,0.0302509,501.9,2026-05-28T10:32:21
mnist_0v1,all_to_all,angular,100,4,0.911111,0.911111,0.93,0.23333188,545.6,2026-05-28T10:38:26
mnist_0v1,all_to_all,angular,100,5,0.933333,0.933333,0.88,0.16774998,546.5,2026-05-28T10:38:28
mnist_0v1,all_to_all,angular,100,6,0.822222,0.844444,0.89,0.04622974,559.7,2026-05-28T10:41:35
mnist_0v1,all_to_all,angular,100,7,0.822222,0.844444,0.86,0.04357956,560.6,2026-05-28T10:41:37
mnist_0v1,all_to_all,angular,100,9,0.866667,0.9,0.92,0.10455404,559.9,2026-05-28T10:41:42
mnist_0v1,all_to_all,angular,100,8,0.844444,0.844444,0.9,0.18274515,563.1,2026-05-28T10:41:43
mnist_0v1,all_to_all,angular,200,0,0.855556,0.888889,0.935,0.20856548,893.3,2026-05-28T10:53:21
mnist_0v1,all_to_all,angular,200,1,0.911111,0.922222,0.92,0.16605052,894.5,2026-05-28T10:53:24
mnist_0v1,all_to_all,angular,200,2,0.911111,0.933333,0.935,0.06470328,875.8,2026-05-28T10:56:12
mnist_0v1,all_to_all,angular,200,3,0.866667,0.9,0.885,0.06906036,878.6,2026-05-28T10:56:17
mnist_0v1,all_to_all,angular,200,4,0.911111,0.911111,0.93,0.27500516,877.5,2026-05-28T10:56:21
mnist_0v1,all_to_all,angular,200,5,0.911111,0.922222,0.865,0.16078081,877.6,2026-05-28T10:56:22
mnist_0v1,all_to_all,amplitude,50,0,1.0,1.0,1.0,0.04132114,325.4,2026-05-28T11:01:47
mnist_0v1,all_to_all,amplitude,50,1,0.977778,1.0,1.0,0.05610535,326.2,2026-05-28T11:01:49
mnist_0v1,all_to_all,amplitude,50,2,1.0,1.0,0.98,0.02986519,369.8,2026-05-28T11:07:59
mnist_0v1,all_to_all,amplitude,50,3,1.0,1.0,0.98,0.02348913,372.7,2026-05-28T11:08:03
mnist_0v1,all_to_all,angular,200,6,0.844444,0.844444,0.88,0.07658736,935.1,2026-05-28T11:08:58
mnist_0v1,all_to_all,angular,200,7,0.888889,0.922222,0.91,0.02936573,936.6,2026-05-28T11:09:02
mnist_0v1,all_to_all,angular,200,8,0.855556,0.855556,0.895,0.15290562,931.7,2026-05-28T11:11:45
mnist_0v1,all_to_all,angular,200,9,0.866667,0.9,0.905,0.10816701,933.4,2026-05-28T11:11:52
mnist_0v1,all_to_all,amplitude,50,4,0.988889,0.988889,0.96,0.06405243,305.4,2026-05-28T11:13:05
mnist_0v1,all_to_all,amplitude,50,5,0.988889,0.988889,0.98,0.07279709,305.6,2026-05-28T11:13:10
mnist_0v1,all_to_all,amplitude,50,6,0.933333,1.0,1.0,0.07530645,299.4,2026-05-28T11:13:58
mnist_0v1,all_to_all,amplitude,50,7,1.0,1.0,1.0,0.01903376,301.6,2026-05-28T11:14:06
mnist_0v1,all_to_all,amplitude,50,8,0.977778,1.0,1.0,0.17888331,347.8,2026-05-28T11:17:34
mnist_0v1,all_to_all,amplitude,50,9,0.977778,0.988889,0.98,0.07616495,349.1,2026-05-28T11:17:42
mnist_0v1,all_to_all,amplitude,100,0,1.0,1.0,0.99,0.08912675,569.4,2026-05-28T11:22:36
mnist_0v1,all_to_all,amplitude,100,1,0.988889,0.988889,0.98,0.04986686,570.8,2026-05-28T11:22:42
mnist_0v1,all_to_all,amplitude,100,2,1.0,1.0,0.99,0.04136891,577.8,2026-05-28T11:23:38
mnist_0v1,all_to_all,amplitude,100,3,1.0,1.0,0.98,0.05785766,578.1,2026-05-28T11:23:45
mnist_0v1,all_to_all,amplitude,100,4,0.988889,0.988889,0.98,0.07331919,569.1,2026-05-28T11:27:05
mnist_0v1,all_to_all,amplitude,100,5,0.988889,0.988889,1.0,0.0553384,572.9,2026-05-28T11:27:17
mnist_0v1,all_to_all,amplitude,100,6,0.911111,1.0,0.97,0.09480642,542.6,2026-05-28T11:31:40
mnist_0v1,all_to_all,amplitude,100,7,1.0,1.0,0.99,0.04167887,544.7,2026-05-28T11:31:49
mnist_0v1,all_to_all,amplitude,100,8,1.0,1.0,1.0,0.30410181,543.5,2026-05-28T11:32:43
mnist_0v1,all_to_all,amplitude,100,9,0.977778,0.977778,0.99,0.07657743,546.4,2026-05-28T11:32:53
mnist_0v1,all_to_all,amplitude,200,0,1.0,1.0,0.995,0.06466798,898.2,2026-05-28T11:42:05
mnist_0v1,all_to_all,amplitude,200,1,1.0,1.0,0.985,0.05579825,891.8,2026-05-28T11:42:10
mnist_0v1,all_to_all,amplitude,200,2,1.0,1.0,0.985,0.03974967,888.8,2026-05-28T11:46:30
mnist_0v1,all_to_all,amplitude,200,3,1.0,1.0,0.97,0.03585713,884.8,2026-05-28T11:46:35
mnist_0v1,all_to_all,amplitude,200,4,0.988889,0.988889,0.985,0.07342841,873.4,2026-05-28T11:47:17
mnist_0v1,all_to_all,amplitude,200,5,0.988889,0.988889,0.99,0.0632305,872.2,2026-05-28T11:47:27
mnist_0v1,none,angular,50,0,0.888889,0.888889,0.84,0.28763907,301.7,2026-05-28T11:52:20
mnist_0v1,none,angular,50,1,0.822222,0.844444,0.86,0.11875616,302.3,2026-05-28T11:52:30
mnist_0v1,all_to_all,amplitude,200,6,1.0,1.0,0.99,0.09137346,851.5,2026-05-28T11:56:18
mnist_0v1,all_to_all,amplitude,200,7,1.0,1.0,0.995,0.02767473,848.3,2026-05-28T11:56:20
mnist_0v1,none,angular,50,2,0.877778,0.888889,0.86,0.08876748,266.0,2026-05-28T11:56:47
mnist_0v1,none,angular,50,3,0.888889,0.888889,0.84,0.05331712,265.3,2026-05-28T11:56:57
mnist_0v1,all_to_all,amplitude,200,8,1.0,1.0,0.985,0.24494801,813.2,2026-05-28T12:00:05
mnist_0v1,all_to_all,amplitude,200,9,0.977778,0.977778,0.99,0.1021689,812.6,2026-05-28T12:00:09
mnist_0v1,none,angular,50,4,0.888889,0.9,0.84,2.06158339,244.8,2026-05-28T12:00:23
mnist_0v1,none,angular,50,5,0.922222,0.933333,0.82,0.16015778,244.1,2026-05-28T12:00:25
mnist_0v1,none,angular,50,6,0.8,0.811111,0.84,0.1246471,246.4,2026-05-28T12:00:55
mnist_0v1,none,angular,50,7,0.877778,0.877778,0.88,0.26205919,246.6,2026-05-28T12:01:04
mnist_0v1,none,angular,50,8,0.9,0.9,0.78,0.13049041,267.6,2026-05-28T12:04:33
mnist_0v1,none,angular,50,9,0.844444,0.866667,0.88,0.18073374,267.8,2026-05-28T12:04:38
mnist_0v1,none,angular,100,0,0.855556,0.888889,0.84,0.28402721,394.5,2026-05-28T12:06:59
mnist_0v1,none,angular,100,1,0.822222,0.822222,0.9,0.18146978,393.4,2026-05-28T12:06:59
mnist_0v1,none,angular,100,2,0.866667,0.888889,0.88,0.18453338,391.5,2026-05-28T12:07:27
mnist_0v1,none,angular,100,3,0.877778,0.888889,0.87,0.06025612,392.5,2026-05-28T12:07:38
mnist_0v1,none,angular,100,4,0.866667,0.9,0.88,3.17033086,370.9,2026-05-28T12:10:45
mnist_0v1,none,angular,100,5,0.888889,0.933333,0.83,0.20198548,370.5,2026-05-28T12:10:49
mnist_0v1,none,angular,100,6,0.811111,0.833333,0.88,0.07434972,362.3,2026-05-28T12:13:02
mnist_0v1,none,angular,100,7,0.866667,0.877778,0.88,0.24782665,362.2,2026-05-28T12:13:02
mnist_0v1,none,angular,100,8,0.888889,0.888889,0.84,0.95224542,361.1,2026-05-28T12:13:29
mnist_0v1,none,angular,100,9,0.844444,0.866667,0.84,0.21601141,362.8,2026-05-28T12:13:42
mnist_0v1,none,angular,200,0,0.844444,0.888889,0.875,0.26811147,605.7,2026-05-28T12:20:52
mnist_0v1,none,angular,200,1,0.822222,0.844444,0.86,0.15403773,605.3,2026-05-28T12:20:56
mnist_0v1,none,angular,200,3,0.888889,0.911111,0.85,0.12811099,602.0,2026-05-28T12:23:05
mnist_0v1,none,angular,200,2,0.833333,0.888889,0.865,0.20619711,604.1,2026-05-28T12:23:07
mnist_0v1,none,angular,200,4,0.888889,0.9,0.86,3.02712064,603.0,2026-05-28T12:23:33
mnist_0v1,none,angular,200,5,0.888889,0.933333,0.85,0.19875452,603.4,2026-05-28T12:23:46
mnist_0v1,none,amplitude,50,0,0.544444,0.611111,0.46,0.1405239,201.9,2026-05-28T12:26:56
mnist_0v1,none,amplitude,50,1,0.477778,0.555556,0.58,0.04372542,202.9,2026-05-28T12:27:10
mnist_0v1,none,amplitude,50,2,0.422222,0.577778,0.44,0.11557012,202.7,2026-05-28T12:30:19
mnist_0v1,none,amplitude,50,3,0.522222,0.622222,0.52,0.16636682,203.1,2026-05-28T12:30:34
mnist_0v1,none,angular,200,6,0.822222,0.833333,0.87,0.05426508,602.9,2026-05-28T12:30:56
mnist_0v1,none,angular,200,7,0.866667,0.877778,0.86,0.16160866,602.2,2026-05-28T12:30:59
mnist_0v1,none,angular,200,8,0.844444,0.888889,0.845,0.90069545,604.1,2026-05-28T12:33:10
mnist_0v1,none,angular,200,9,0.855556,0.866667,0.865,0.23260363,605.2,2026-05-28T12:33:13
mnist_0v1,none,amplitude,50,4,0.544444,0.588889,0.54,0.03268341,209.3,2026-05-28T12:33:50
mnist_0v1,none,amplitude,50,5,0.366667,0.522222,0.6,0.080673,209.4,2026-05-28T12:34:04
mnist_0v1,none,amplitude,50,6,0.4,0.555556,0.46,0.25165967,207.8,2026-05-28T12:34:24
mnist_0v1,none,amplitude,50,7,0.422222,0.5,0.6,0.00968687,207.8,2026-05-28T12:34:28
mnist_0v1,none,amplitude,50,8,0.5,0.6,0.46,0.2773477,205.0,2026-05-28T12:36:36
mnist_0v1,none,amplitude,50,9,0.4,0.533333,0.66,0.04305142,205.8,2026-05-28T12:36:40
mnist_0v1,none,amplitude,100,0,0.5,0.622222,0.5,0.27952643,311.9,2026-05-28T12:39:02
mnist_0v1,none,amplitude,100,1,0.511111,0.555556,0.53,0.03947034,313.3,2026-05-28T12:39:18
mnist_0v1,none,amplitude,100,2,0.5,0.577778,0.51,0.16429134,312.4,2026-05-28T12:39:38
mnist_0v1,none,amplitude,100,3,0.544444,0.622222,0.54,0.25729401,313.4,2026-05-28T12:39:42
mnist_0v1,none,amplitude,100,4,0.488889,0.577778,0.45,0.05403876,313.7,2026-05-28T12:41:51
mnist_0v1,none,amplitude,100,5,0.444444,0.633333,0.55,0.09129247,314.6,2026-05-28T12:41:55
mnist_0v1,none,amplitude,100,6,0.422222,0.555556,0.43,0.34268106,311.7,2026-05-28T12:44:15
mnist_0v1,none,amplitude,100,7,0.388889,0.5,0.59,0.03709412,313.9,2026-05-28T12:44:33
mnist_0v1,none,amplitude,100,8,0.511111,0.6,0.5,0.37349768,313.6,2026-05-28T12:44:52
mnist_0v1,none,amplitude,100,9,0.4,0.544444,0.6,0.04803186,314.0,2026-05-28T12:44:57
mnist_0v1,none,amplitude,200,0,0.466667,0.588889,0.54,0.21663088,528.5,2026-05-28T12:50:40
mnist_0v1,none,amplitude,200,1,0.488889,0.555556,0.495,0.00863299,528.7,2026-05-28T12:50:45
mnist_0v1,none,amplitude,200,2,0.444444,0.577778,0.485,0.17380213,526.6,2026-05-28T12:53:02
mnist_0v1,none,amplitude,200,3,0.4,0.544444,0.48,0.19712074,528.6,2026-05-28T12:53:22
mnist_0v1,none,amplitude,200,4,0.511111,0.588889,0.545,0.00088374,531.4,2026-05-28T12:53:44
mnist_0v1,none,amplitude,200,5,0.355556,0.533333,0.485,0.10778867,529.8,2026-05-28T12:53:48
mnist_3v5,ring,angular,50,0,0.967391,0.978261,0.94,0.12132831,296.2,2026-05-28T12:58:42
mnist_3v5,ring,angular,50,1,0.934783,0.978261,1.0,0.12683743,295.8,2026-05-28T12:58:45
mnist_0v1,none,amplitude,200,6,0.411111,0.566667,0.44,0.37413071,531.1,2026-05-28T12:59:33
mnist_0v1,none,amplitude,200,7,0.411111,0.511111,0.505,0.00542502,530.4,2026-05-28T12:59:37
mnist_0v1,none,amplitude,200,8,0.511111,0.611111,0.475,0.29945195,531.1,2026-05-28T13:01:54
mnist_0v1,none,amplitude,200,9,0.444444,0.533333,0.575,0.01146495,531.8,2026-05-28T13:02:15
mnist_3v5,ring,angular,50,2,0.923913,0.934783,1.0,0.06145636,298.5,2026-05-28T13:03:41
mnist_3v5,ring,angular,50,3,0.945652,0.967391,0.98,0.04049988,297.9,2026-05-28T13:03:44
mnist_3v5,ring,angular,50,4,0.956522,0.967391,0.96,0.0485608,297.5,2026-05-28T13:04:31
mnist_3v5,ring,angular,50,5,0.902174,0.967391,0.9,0.07215553,298.5,2026-05-28T13:04:36
mnist_3v5,ring,angular,50,6,0.978261,0.98913,0.94,0.06606403,296.5,2026-05-28T13:06:52
mnist_3v5,ring,angular,50,7,0.967391,0.98913,0.98,0.13460299,297.1,2026-05-28T13:07:13
mnist_3v5,ring,angular,50,8,0.967391,0.98913,0.94,0.12566614,296.2,2026-05-28T13:08:38
mnist_3v5,ring,angular,50,9,0.967391,0.98913,0.96,0.07011712,297.2,2026-05-28T13:08:42
mnist_3v5,ring,angular,100,0,0.923913,0.956522,0.94,0.1192101,444.7,2026-05-28T13:11:57
mnist_3v5,ring,angular,100,1,0.956522,0.978261,0.98,0.13540122,444.6,2026-05-28T13:12:02
mnist_3v5,ring,angular,100,2,0.913043,0.913043,0.97,0.05860495,448.9,2026-05-28T13:14:22
mnist_3v5,ring,angular,100,3,0.945652,0.956522,0.97,0.03962147,451.9,2026-05-28T13:14:46
mnist_3v5,ring,angular,100,4,0.967391,0.978261,0.95,0.07517098,457.4,2026-05-28T13:16:17
mnist_3v5,ring,angular,100,5,0.869565,0.923913,0.92,0.09559441,458.5,2026-05-28T13:16:21
mnist_3v5,ring,angular,100,6,0.978261,0.98913,0.94,0.06743051,454.0,2026-05-28T13:19:32
mnist_3v5,ring,angular,100,7,0.945652,0.945652,0.96,0.12548856,453.9,2026-05-28T13:19:37
mnist_3v5,ring,angular,100,8,0.967391,0.978261,0.96,0.12157311,451.4,2026-05-28T13:21:55
mnist_3v5,ring,angular,100,9,0.978261,0.98913,0.94,0.08400109,452.8,2026-05-28T13:22:20
mnist_3v5,ring,angular,200,0,0.945652,0.956522,0.955,0.12806928,791.8,2026-05-28T13:29:30
mnist_3v5,ring,angular,200,1,0.956522,0.978261,0.97,0.12177964,792.3,2026-05-28T13:29:35
mnist_3v5,ring,angular,200,2,0.902174,0.913043,0.965,0.05986814,864.2,2026-05-28T13:33:58
mnist_3v5,ring,angular,200,3,0.945652,0.956522,0.96,0.03892571,864.6,2026-05-28T13:34:03
mnist_3v5,ring,angular,200,4,0.978261,0.978261,0.945,0.04865008,885.7,2026-05-28T13:36:42
mnist_3v5,ring,angular,200,5,0.98913,0.98913,0.97,0.06651664,891.6,2026-05-28T13:37:13
mnist_3v5,ring,amplitude,50,0,0.978261,0.98913,0.96,0.04543418,338.8,2026-05-28T13:42:22
mnist_3v5,ring,amplitude,50,1,0.98913,0.98913,1.0,0.18720427,346.2,2026-05-28T13:43:00
mnist_3v5,ring,angular,200,6,0.978261,1.0,0.95,0.07896647,1030.0,2026-05-28T13:46:42
mnist_3v5,ring,angular,200,7,0.945652,0.945652,0.945,0.11304358,1032.3,2026-05-28T13:46:49
mnist_3v5,ring,amplitude,50,2,0.956522,0.967391,0.98,0.11307513,444.5,2026-05-28T13:49:47
mnist_3v5,ring,amplitude,50,3,0.869565,0.913043,1.0,0.08082276,445.1,2026-05-28T13:50:28
mnist_3v5,ring,angular,200,8,0.967391,0.978261,0.965,0.13249991,1051.1,2026-05-28T13:51:31
mnist_3v5,ring,angular,200,9,0.98913,1.0,0.945,0.08739298,1049.9,2026-05-28T13:51:34
mnist_3v5,ring,amplitude,50,4,0.98913,0.98913,0.96,0.04635539,395.3,2026-05-28T13:53:19
mnist_3v5,ring,amplitude,50,5,0.98913,0.98913,1.0,0.06130522,397.8,2026-05-28T13:53:28
mnist_3v5,ring,amplitude,50,6,0.967391,0.967391,0.98,0.10356144,403.6,2026-05-28T13:56:32
mnist_3v5,ring,amplitude,50,7,1.0,1.0,1.0,0.06617817,404.9,2026-05-28T13:57:14
mnist_3v5,ring,amplitude,50,8,0.978261,0.98913,0.98,0.07321637,414.3,2026-05-28T13:58:27
mnist_3v5,ring,amplitude,50,9,0.967391,0.967391,0.96,0.06520947,415.7,2026-05-28T13:58:32
mnist_3v5,ring,amplitude,100,0,0.978261,0.98913,0.98,0.06936366,594.6,2026-05-28T14:03:15
mnist_3v5,ring,amplitude,100,1,0.978261,0.98913,1.0,0.09676825,591.9,2026-05-28T14:03:22
mnist_3v5,ring,amplitude,100,2,0.956522,0.967391,0.98,0.10519861,570.9,2026-05-28T14:06:05
mnist_3v5,ring,amplitude,100,3,0.913043,0.934783,0.99,0.07327018,569.0,2026-05-28T14:06:45
mnist_3v5,ring,amplitude,100,4,0.978261,0.98913,0.95,0.0560073,565.3,2026-05-28T14:07:54
mnist_3v5,ring,amplitude,100,5,0.978261,1.0,0.99,0.05736266,566.2,2026-05-28T14:07:59
mnist_3v5,ring,amplitude,100,6,0.956522,0.956522,0.98,0.07621873,560.3,2026-05-28T14:12:37
mnist_3v5,ring,amplitude,100,7,0.98913,1.0,0.99,0.0464482,562.7,2026-05-28T14:12:46
mnist_3v5,ring,amplitude,100,8,0.98913,0.98913,0.99,0.07396612,540.7,2026-05-28T14:15:07
mnist_3v5,ring,amplitude,100,9,0.978261,1.0,0.94,0.07964564,542.6,2026-05-28T14:15:49
mnist_3v5,ring,amplitude,200,0,0.978261,0.978261,0.985,0.06292924,876.7,2026-05-28T14:22:32
mnist_3v5,ring,amplitude,200,1,0.978261,0.978261,0.97,0.17166734,879.4,2026-05-28T14:22:40
mnist_3v5,ring,amplitude,200,2,0.945652,0.967391,0.985,0.12464902,872.1,2026-05-28T14:27:11
mnist_3v5,ring,amplitude,200,3,0.934783,0.934783,0.985,0.06993665,872.1,2026-05-28T14:27:19
mnist_3v5,ring,amplitude,200,4,0.978261,0.98913,0.96,0.05997033,874.3,2026-05-28T14:29:42
mnist_3v5,ring,amplitude,200,5,0.98913,1.0,0.98,0.05971913,872.2,2026-05-28T14:30:23
mnist_3v5,all_to_all,angular,50,0,0.891304,0.891304,0.94,0.08167191,437.4,2026-05-28T14:37:01
mnist_3v5,ring,amplitude,200,6,0.967391,0.967391,0.965,0.10469407,886.0,2026-05-28T14:37:19
mnist_3v5,ring,amplitude,200,7,0.98913,1.0,0.98,0.04720535,885.8,2026-05-28T14:37:27
mnist_3v5,all_to_all,angular,50,1,0.923913,0.934783,0.94,0.08310572,433.1,2026-05-28T14:37:37
mnist_3v5,ring,amplitude,200,8,0.978261,0.978261,0.99,0.05670854,893.3,2026-05-28T14:42:06
mnist_3v5,ring,amplitude,200,9,0.967391,1.0,0.96,0.092227,891.5,2026-05-28T14:42:12
mnist_3v5,all_to_all,angular,50,2,0.836957,0.869565,0.9,0.23695341,476.8,2026-05-28T14:44:59
mnist_3v5,all_to_all,angular,50,3,0.934783,0.945652,0.92,0.27624387,486.5,2026-05-28T14:45:27
mnist_3v5,all_to_all,angular,50,4,0.967391,0.967391,0.92,0.05696505,487.2,2026-05-28T14:45:36
mnist_3v5,all_to_all,angular,50,5,0.923913,0.923913,0.92,0.0737545,491.0,2026-05-28T14:45:49
mnist_3v5,all_to_all,angular,50,6,0.891304,0.902174,0.88,0.36265971,482.5,2026-05-28T14:50:10
mnist_3v5,all_to_all,angular,50,7,0.934783,0.956522,0.96,0.03482007,481.2,2026-05-28T14:50:15
mnist_3v5,all_to_all,angular,50,8,0.923913,0.945652,0.94,0.16434674,469.0,2026-05-28T14:52:53
mnist_3v5,all_to_all,angular,50,9,0.967391,1.0,0.9,0.13292691,468.3,2026-05-28T14:53:17
mnist_3v5,all_to_all,angular,100,0,0.891304,0.902174,0.96,0.07577095,681.7,2026-05-28T14:56:59
mnist_3v5,all_to_all,angular,100,1,0.934783,0.934783,0.95,0.09122885,681.7,2026-05-28T14:57:12
mnist_3v5,all_to_all,angular,100,2,0.880435,0.891304,0.91,0.17128607,638.7,2026-05-28T15:00:51
mnist_3v5,all_to_all,angular,100,3,0.934783,0.945652,0.91,0.28200207,638.8,2026-05-28T15:00:55
mnist_3v5,all_to_all,angular,100,4,0.934783,0.956522,0.95,0.06859032,601.3,2026-05-28T15:02:56
mnist_3v5,all_to_all,angular,100,5,0.869565,0.923913,0.93,0.08336759,593.7,2026-05-28T15:03:12
mnist_3v5,all_to_all,angular,100,6,0.934783,0.934783,0.89,0.35863153,553.2,2026-05-28T15:06:14
mnist_3v5,all_to_all,angular,100,7,0.934783,0.945652,0.93,0.0323966,552.1,2026-05-28T15:06:26
mnist_3v5,all_to_all,angular,100,8,0.923913,0.956522,0.95,0.16878666,567.7,2026-05-28T15:10:21
mnist_3v5,all_to_all,angular,100,9,0.956522,0.978261,0.92,0.1416926,566.1,2026-05-28T15:10:23
mnist_3v5,all_to_all,angular,200,0,0.902174,0.902174,0.935,0.05643308,936.9,2026-05-28T15:18:34
mnist_3v5,all_to_all,angular,200,1,0.934783,0.934783,0.925,0.07939367,937.0,2026-05-28T15:18:51
mnist_3v5,all_to_all,angular,200,2,0.880435,0.880435,0.93,0.23632335,944.0,2026-05-28T15:22:00
mnist_3v5,all_to_all,angular,200,3,0.945652,0.956522,0.885,0.29801603,942.4,2026-05-28T15:22:09
mnist_3v5,all_to_all,angular,200,4,0.945652,0.956522,0.935,0.06432864,943.9,2026-05-28T15:26:07
mnist_3v5,all_to_all,angular,200,5,0.913043,0.923913,0.94,0.06885467,945.6,2026-05-28T15:26:11
mnist_3v5,all_to_all,amplitude,50,0,0.967391,0.978261,0.94,0.07161378,330.3,2026-05-28T15:31:39
mnist_3v5,all_to_all,amplitude,50,1,0.98913,1.0,1.0,0.08847374,331.2,2026-05-28T15:31:43
mnist_3v5,all_to_all,angular,200,6,0.934783,0.945652,0.91,0.42948168,918.2,2026-05-28T15:33:53
mnist_3v5,all_to_all,angular,200,7,0.945652,0.956522,0.945,0.04828576,917.8,2026-05-28T15:34:10
mnist_3v5,all_to_all,amplitude,50,2,0.978261,0.978261,0.96,0.0312524,306.1,2026-05-28T15:36:46
mnist_3v5,all_to_all,amplitude,50,3,0.902174,0.956522,1.0,0.06324382,304.7,2026-05-28T15:36:49
mnist_3v5,all_to_all,angular,200,8,0.923913,0.945652,0.95,0.15561459,894.9,2026-05-28T15:36:56
mnist_3v5,all_to_all,angular,200,9,0.956522,0.978261,0.925,0.17651786,896.0,2026-05-28T15:37:07
mnist_3v5,all_to_all,amplitude,50,4,0.978261,0.978261,0.94,0.04613806,293.6,2026-05-28T15:38:48
mnist_3v5,all_to_all,amplitude,50,5,0.98913,0.98913,1.0,0.04127239,293.0,2026-05-28T15:39:04
mnist_3v5,all_to_all,amplitude,50,6,0.978261,0.98913,0.98,0.04084442,295.4,2026-05-28T15:41:42
mnist_3v5,all_to_all,amplitude,50,7,0.98913,0.98913,0.98,0.03295824,295.9,2026-05-28T15:41:46
mnist_3v5,all_to_all,amplitude,50,8,0.978261,0.978261,0.98,0.02644925,295.5,2026-05-28T15:41:53
mnist_3v5,all_to_all,amplitude,50,9,0.956522,0.956522,0.98,0.05301514,297.6,2026-05-28T15:42:05
mnist_3v5,all_to_all,amplitude,100,0,0.978261,0.978261,0.96,0.08975183,443.9,2026-05-28T15:46:13
mnist_3v5,all_to_all,amplitude,100,1,0.98913,1.0,1.0,0.06751414,443.9,2026-05-28T15:46:29
mnist_3v5,all_to_all,amplitude,100,2,0.967391,0.978261,0.98,0.04541336,440.6,2026-05-28T15:49:04
mnist_3v5,all_to_all,amplitude,100,3,0.902174,0.956522,1.0,0.0409855,443.6,2026-05-28T15:49:11
mnist_3v5,all_to_all,amplitude,100,4,0.98913,1.0,0.96,0.0552792,442.9,2026-05-28T15:49:17
mnist_3v5,all_to_all,amplitude,100,5,0.98913,0.98913,0.99,0.04259415,440.2,2026-05-28T15:49:27
mnist_3v5,all_to_all,amplitude,100,6,0.978261,0.98913,0.97,0.03188257,433.9,2026-05-28T15:53:28
mnist_3v5,all_to_all,amplitude,100,7,0.956522,1.0,0.98,0.02515747,434.2,2026-05-28T15:53:44
mnist_3v5,all_to_all,amplitude,100,8,0.98913,0.98913,0.99,0.11673808,435.4,2026-05-28T15:56:20
mnist_3v5,all_to_all,amplitude,100,9,0.98913,1.0,0.95,0.03824165,435.1,2026-05-28T15:56:27
mnist_3v5,all_to_all,amplitude,200,0,0.967391,0.967391,0.985,0.08355172,724.6,2026-05-28T16:01:22
mnist_3v5,all_to_all,amplitude,200,1,0.98913,0.98913,0.98,0.064142,725.9,2026-05-28T16:01:34
mnist_3v5,all_to_all,amplitude,200,2,0.978261,0.98913,0.985,0.04543423,727.4,2026-05-28T16:05:37
mnist_3v5,all_to_all,amplitude,200,3,0.945652,0.956522,0.995,0.0392042,728.9,2026-05-28T16:05:54
mnist_3v5,all_to_all,amplitude,200,4,1.0,1.0,0.98,0.05468651,727.5,2026-05-28T16:08:29
mnist_3v5,all_to_all,amplitude,200,5,0.967391,0.978261,0.99,0.04185107,728.5,2026-05-28T16:08:36
mnist_3v5,none,angular,50,0,0.902174,0.902174,0.94,0.22107771,246.0,2026-05-28T16:12:36
mnist_3v5,none,angular,50,1,0.913043,0.934783,0.94,0.18370543,247.4,2026-05-28T16:12:45
mnist_3v5,all_to_all,amplitude,200,6,0.978261,1.0,0.975,0.04379219,728.3,2026-05-28T16:13:32
mnist_3v5,all_to_all,amplitude,200,7,0.98913,0.98913,0.98,0.03270418,727.2,2026-05-28T16:13:42
mnist_3v5,none,angular,50,2,0.913043,0.923913,0.94,0.43221239,245.5,2026-05-28T16:16:43
mnist_3v5,none,angular,50,3,0.956522,0.956522,0.92,0.31455444,245.2,2026-05-28T16:16:51
mnist_3v5,none,angular,50,4,0.934783,0.956522,0.94,0.04246744,246.2,2026-05-28T16:17:39
mnist_3v5,all_to_all,amplitude,200,8,0.98913,0.98913,0.98,0.06847509,725.1,2026-05-28T16:17:43
mnist_3v5,none,angular,50,5,0.880435,0.934783,0.86,0.17924173,246.8,2026-05-28T16:17:50
mnist_3v5,all_to_all,amplitude,200,9,0.98913,1.0,0.97,0.10388682,728.1,2026-05-28T16:18:04
mnist_3v5,none,angular,50,6,0.945652,0.956522,0.92,0.34571847,250.7,2026-05-28T16:20:54
mnist_3v5,none,angular,50,7,0.923913,0.934783,0.9,0.15940459,250.7,2026-05-28T16:21:02
mnist_3v5,none,angular,50,8,0.880435,0.945652,0.94,0.10848889,251.9,2026-05-28T16:21:52
mnist_3v5,none,angular,50,9,0.956522,0.978261,0.86,0.13409487,250.7,2026-05-28T16:21:55
mnist_3v5,none,angular,100,0,0.902174,0.902174,0.95,0.22698238,370.6,2026-05-28T16:24:02
mnist_3v5,none,angular,100,1,0.934783,0.934783,0.93,0.20492838,369.2,2026-05-28T16:24:14
mnist_3v5,none,angular,100,2,0.913043,0.923913,0.95,0.32866412,367.0,2026-05-28T16:27:02
mnist_3v5,none,angular,100,3,0.956522,0.956522,0.94,0.31419277,367.9,2026-05-28T16:27:11
mnist_3v5,none,angular,100,4,0.934783,0.956522,0.94,0.03186645,365.5,2026-05-28T16:27:58
mnist_3v5,none,angular,100,5,0.869565,0.934783,0.93,0.23999049,364.0,2026-05-28T16:28:00
mnist_3v5,none,angular,100,6,0.945652,0.945652,0.92,0.49925937,367.8,2026-05-28T16:30:10
mnist_3v5,none,angular,100,7,0.934783,0.934783,0.93,0.18502281,367.0,2026-05-28T16:30:22
mnist_3v5,none,angular,100,8,0.902174,0.945652,0.95,0.15735393,371.0,2026-05-28T16:33:14
mnist_3v5,none,angular,100,9,0.956522,0.956522,0.91,0.16160813,372.9,2026-05-28T16:33:25
mnist_3v5,none,angular,200,1,0.934783,0.934783,0.93,0.20221368,617.7,2026-05-28T16:38:19
mnist_3v5,none,angular,200,0,0.902174,0.902174,0.94,0.08520844,620.0,2026-05-28T16:38:20
mnist_3v5,none,angular,200,2,0.913043,0.923913,0.925,0.4195338,615.9,2026-05-28T16:40:27
mnist_3v5,none,angular,200,3,0.956522,0.956522,0.93,0.37694661,615.7,2026-05-28T16:40:39
mnist_3v5,none,angular,200,4,0.956522,0.978261,0.935,0.13125531,614.5,2026-05-28T16:43:30
mnist_3v5,none,angular,200,5,0.880435,0.934783,0.94,0.15038823,614.8,2026-05-28T16:43:41
mnist_3v5,none,amplitude,50,0,0.565217,0.597826,0.66,0.01620579,207.2,2026-05-28T16:46:58
mnist_3v5,none,amplitude,50,1,0.586957,0.630435,0.66,0.0444016,208.0,2026-05-28T16:47:10
mnist_3v5,none,angular,200,6,0.945652,0.945652,0.945,0.55565088,611.3,2026-05-28T16:48:31
mnist_3v5,none,angular,200,7,0.934783,0.934783,0.925,0.18341978,613.2,2026-05-28T16:48:34
mnist_3v5,none,amplitude,50,2,0.565217,0.608696,0.56,0.09171018,208.0,2026-05-28T16:50:26
mnist_3v5,none,angular,200,8,0.913043,0.945652,0.95,0.14527493,610.3,2026-05-28T16:50:39
mnist_3v5,none,amplitude,50,3,0.597826,0.706522,0.58,0.02239491,209.2,2026-05-28T16:50:40
mnist_3v5,none,angular,200,9,0.956522,0.956522,0.915,0.11602496,610.1,2026-05-28T16:50:51
mnist_3v5,none,amplitude,50,4,0.576087,0.641304,0.64,0.00717908,210.3,2026-05-28T16:52:02
mnist_3v5,none,amplitude,50,5,0.597826,0.608696,0.58,0.0264507,210.8,2026-05-28T16:52:05
mnist_3v5,none,amplitude,50,6,0.597826,0.608696,0.62,0.08989863,228.7,2026-05-28T16:54:16
mnist_3v5,none,amplitude,50,7,0.619565,0.652174,0.58,0.01927528,230.7,2026-05-28T16:54:31
mnist_3v5,none,amplitude,50,8,0.586957,0.619565,0.6,0.01981435,230.2,2026-05-28T16:54:31
mnist_3v5,none,amplitude,50,9,0.630435,0.641304,0.64,0.02831823,232.1,2026-05-28T16:54:43
mnist_3v5,none,amplitude,100,0,0.5,0.576087,0.5,0.03368905,345.9,2026-05-28T16:57:49
mnist_3v5,none,amplitude,100,1,0.608696,0.630435,0.62,0.04447314,348.4,2026-05-28T16:57:55
mnist_3v5,none,amplitude,100,2,0.619565,0.619565,0.62,0.10045659,330.7,2026-05-28T16:59:48
mnist_3v5,none,amplitude,100,3,0.576087,0.695652,0.54,0.04689235,327.5,2026-05-28T16:59:59
mnist_3v5,none,amplitude,100,4,0.619565,0.630435,0.6,0.0144457,327.5,2026-05-28T17:00:00
mnist_3v5,none,amplitude,100,5,0.576087,0.597826,0.53,0.06558963,324.3,2026-05-28T17:00:09
mnist_3v5,none,amplitude,100,6,0.565217,0.608696,0.57,0.03646732,319.5,2026-05-28T17:03:09
mnist_3v5,none,amplitude,100,7,0.5,0.597826,0.5,0.02535436,321.9,2026-05-28T17:03:17
mnist_3v5,none,amplitude,100,8,0.5,0.576087,0.5,0.10053715,320.2,2026-05-28T17:05:09
mnist_3v5,none,amplitude,100,9,0.586957,0.641304,0.64,0.04707142,320.8,2026-05-28T17:05:21
mnist_3v5,none,amplitude,200,0,0.565217,0.586957,0.63,0.05443966,552.1,2026-05-28T17:09:13
mnist_3v5,none,amplitude,200,1,0.619565,0.630435,0.61,0.02960374,549.5,2026-05-28T17:09:19
mnist_3v5,none,amplitude,200,2,0.576087,0.619565,0.57,0.10039008,558.3,2026-05-28T17:12:28
mnist_3v5,none,amplitude,200,3,0.543478,0.695652,0.545,0.03546961,560.1,2026-05-28T17:12:38
mnist_3v5,none,amplitude,200,4,0.630435,0.641304,0.595,0.01972494,559.7,2026-05-28T17:14:29
mnist_3v5,none,amplitude,200,5,0.597826,0.608696,0.585,0.03874513,557.2,2026-05-28T17:14:39
mnist_3v5,none,amplitude,200,6,0.597826,0.619565,0.6,0.03984105,549.8,2026-05-28T17:18:24
mnist_3v5,none,amplitude,200,7,0.5,0.619565,0.5,0.0325204,545.2,2026-05-28T17:18:25
mnist_4v9,ring,angular,50,0,0.89011,0.901099,0.96,0.06536115,296.5,2026-05-28T17:19:27
mnist_4v9,ring,angular,50,1,0.89011,0.89011,0.94,0.08228585,297.1,2026-05-28T17:19:37
mnist_3v5,none,amplitude,200,8,0.565217,0.608696,0.56,0.00646253,539.3,2026-05-28T17:21:28
mnist_3v5,none,amplitude,200,9,0.630435,0.641304,0.635,0.08308563,540.4,2026-05-28T17:21:40
mnist_4v9,ring,angular,50,2,0.89011,0.923077,0.96,0.04848339,305.6,2026-05-28T17:23:31
mnist_4v9,ring,angular,50,3,0.912088,0.934066,0.98,0.03618546,306.0,2026-05-28T17:23:33
mnist_4v9,ring,angular,50,4,0.868132,0.934066,0.98,0.07945436,309.9,2026-05-28T17:24:38
mnist_4v9,ring,angular,50,5,0.846154,0.901099,0.96,0.12524967,309.6,2026-05-28T17:24:48
mnist_4v9,ring,angular,50,6,0.934066,0.934066,0.96,0.06028284,318.6,2026-05-28T17:26:48
mnist_4v9,ring,angular,50,7,0.769231,0.857143,0.96,0.07635201,319.7,2026-05-28T17:27:01
mnist_4v9,ring,angular,50,8,0.923077,0.923077,0.94,0.06782574,317.4,2026-05-28T17:28:49
mnist_4v9,ring,angular,50,9,0.912088,0.923077,0.96,0.08029396,316.0,2026-05-28T17:28:50
mnist_4v9,ring,angular,100,0,0.901099,0.912088,0.95,0.0731008,460.6,2026-05-28T17:32:20
mnist_4v9,ring,angular,100,1,0.89011,0.901099,0.92,0.08517484,459.4,2026-05-28T17:32:29
mnist_4v9,ring,angular,100,2,0.89011,0.923077,0.96,0.1013113,452.3,2026-05-28T17:34:22
mnist_4v9,ring,angular,100,3,0.912088,0.945055,0.95,0.03227894,453.4,2026-05-28T17:34:36
mnist_4v9,ring,angular,100,5,0.846154,0.923077,0.94,0.08964995,451.7,2026-05-28T17:36:23
mnist_4v9,ring,angular,100,4,0.879121,0.945055,0.92,0.0593079,453.1,2026-05-28T17:36:24
mnist_4v9,ring,angular,100,6,0.945055,0.945055,0.95,0.06839614,459.7,2026-05-28T17:40:01
mnist_4v9,ring,angular,100,7,0.857143,0.901099,0.93,0.04542487,459.7,2026-05-28T17:40:09
mnist_4v9,ring,angular,100,8,0.945055,0.945055,0.89,0.04213955,458.5,2026-05-28T17:42:01
mnist_4v9,ring,angular,100,9,0.912088,0.912088,0.92,0.05836142,459.7,2026-05-28T17:42:17
mnist_4v9,ring,angular,200,0,0.901099,0.912088,0.935,0.07143662,748.0,2026-05-28T17:48:52
mnist_4v9,ring,angular,200,1,0.901099,0.901099,0.925,0.077465,750.7,2026-05-28T17:48:56
mnist_4v9,ring,angular,200,2,0.923077,0.934066,0.93,0.06843775,742.2,2026-05-28T17:52:24
mnist_4v9,ring,angular,200,3,0.923077,0.956044,0.93,0.0412826,738.9,2026-05-28T17:52:30
mnist_4v9,ring,angular,200,4,0.879121,0.956044,0.94,0.06001216,733.3,2026-05-28T17:54:16
mnist_4v9,ring,angular,200,5,0.857143,0.956044,0.92,0.11463372,732.4,2026-05-28T17:54:30
mnist_4v9,ring,amplitude,50,0,0.978022,0.989011,1.0,0.06127517,259.4,2026-05-28T17:58:36
mnist_4v9,ring,amplitude,50,1,0.978022,0.989011,0.98,0.16992243,259.8,2026-05-28T17:58:51
mnist_4v9,ring,angular,200,6,0.945055,0.945055,0.945,0.0858611,804.7,2026-05-28T18:02:18
mnist_4v9,ring,angular,200,7,0.835165,0.901099,0.93,0.06415797,809.9,2026-05-28T18:02:27
mnist_4v9,ring,amplitude,50,2,0.967033,0.989011,0.96,0.05775855,407.9,2026-05-28T18:05:25
mnist_4v9,ring,amplitude,50,3,0.934066,0.978022,1.0,0.05996421,417.8,2026-05-28T18:05:50
mnist_4v9,ring,angular,200,8,0.89011,0.945055,0.9,0.04823333,945.5,2026-05-28T18:08:11
mnist_4v9,ring,angular,200,9,0.901099,0.912088,0.93,0.04866192,946.9,2026-05-28T18:08:18
mnist_4v9,ring,amplitude,50,4,0.945055,0.967033,1.0,0.07620641,437.5,2026-05-28T18:09:37
mnist_4v9,ring,amplitude,50,5,0.967033,0.978022,0.98,0.09334019,437.9,2026-05-28T18:09:46
mnist_4v9,ring,amplitude,50,6,0.923077,0.956044,1.0,0.06005855,440.4,2026-05-28T18:12:47
mnist_4v9,ring,amplitude,50,7,0.989011,0.989011,0.96,0.09370821,441.2,2026-05-28T18:13:13
mnist_4v9,ring,amplitude,50,8,0.978022,0.989011,0.96,0.0988621,1241.4,2026-05-28T18:28:54
mnist_4v9,ring,amplitude,50,9,0.967033,0.967033,0.98,0.1006762,1243.6,2026-05-28T18:29:03
mnist_4v9,ring,amplitude,100,0,0.978022,0.989011,0.98,0.07171806,1463.8,2026-05-28T18:34:02
mnist_4v9,ring,amplitude,100,1,0.978022,0.978022,0.99,0.15645389,1465.1,2026-05-28T18:34:13
mnist_4v9,ring,amplitude,100,2,0.967033,0.989011,0.98,0.03555461,1714.1,2026-05-28T18:41:23
mnist_4v9,ring,amplitude,100,3,0.923077,0.956044,1.0,0.0712412,1699.2,2026-05-28T18:41:34
mnist_4v9,ring,amplitude,100,4,0.967033,0.989011,1.0,0.08058085,828.6,2026-05-28T18:42:44
mnist_4v9,ring,amplitude,100,5,0.967033,0.967033,0.99,0.08036787,823.8,2026-05-28T18:42:49
mnist_4v9,ring,amplitude,100,6,0.967033,0.978022,1.0,0.10699773,694.7,2026-05-28T18:45:38
mnist_4v9,ring,amplitude,100,7,0.989011,0.989011,0.96,0.08047026,691.1,2026-05-28T18:45:46
mnist_4v9,ring,amplitude,100,8,0.978022,0.989011,0.97,0.10035887,356.5,2026-05-28T18:47:20
mnist_4v9,ring,amplitude,100,9,0.967033,0.967033,0.99,0.10213272,358.4,2026-05-28T18:47:33
mnist_4v9,ring,amplitude,200,0,0.989011,0.989011,0.96,0.06828656,601.9,2026-05-28T18:52:47
mnist_4v9,ring,amplitude,200,1,0.978022,0.978022,0.975,0.10918351,600.6,2026-05-28T18:52:50
mnist_4v9,ring,amplitude,200,2,0.967033,0.989011,0.98,0.03554891,587.1,2026-05-28T18:55:27
mnist_4v9,ring,amplitude,200,3,0.956044,0.956044,0.99,0.06249763,589.5,2026-05-28T18:55:36
mnist_4v9,ring,amplitude,200,4,0.956044,0.989011,0.99,0.08270317,589.9,2026-05-28T18:57:11
mnist_4v9,ring,amplitude,200,5,0.967033,0.967033,0.99,0.09395088,589.7,2026-05-28T18:57:24
mnist_4v9,all_to_all,angular,50,0,0.901099,0.934066,0.98,0.05895245,290.5,2026-05-28T19:02:03
mnist_4v9,all_to_all,angular,50,1,0.945055,0.967033,0.98,0.07527393,290.0,2026-05-28T19:02:15
mnist_4v9,ring,amplitude,200,6,0.967033,0.978022,0.98,0.0707419,596.0,2026-05-28T19:02:44
mnist_4v9,ring,amplitude,200,7,0.989011,1.0,0.975,0.11790131,594.6,2026-05-28T19:02:46
mnist_4v9,ring,amplitude,200,8,0.978022,0.978022,0.98,0.07870206,595.7,2026-05-28T19:05:23
mnist_4v9,ring,amplitude,200,9,0.967033,0.978022,0.975,0.07993359,596.1,2026-05-28T19:05:33
mnist_4v9,all_to_all,angular,50,2,0.89011,0.89011,0.96,0.09555438,286.0,2026-05-28T19:06:49
mnist_4v9,all_to_all,angular,50,3,0.912088,0.912088,0.98,0.10323911,285.9,2026-05-28T19:07:02
mnist_4v9,all_to_all,angular,50,4,0.868132,0.879121,0.98,0.05732658,285.9,2026-05-28T19:07:31
mnist_4v9,all_to_all,angular,50,5,0.846154,0.857143,0.98,0.08052618,286.0,2026-05-28T19:07:33
mnist_4v9,all_to_all,angular,50,6,0.934066,0.934066,0.96,0.1333367,291.1,2026-05-28T19:10:15
mnist_4v9,all_to_all,angular,50,7,0.956044,0.967033,0.96,0.0752282,291.1,2026-05-28T19:10:25
mnist_4v9,all_to_all,angular,50,8,0.945055,0.945055,0.94,0.05129976,293.2,2026-05-28T19:11:44
mnist_4v9,all_to_all,angular,50,9,0.956044,0.956044,0.98,0.09458218,293.1,2026-05-28T19:11:56
mnist_4v9,all_to_all,angular,100,0,0.901099,0.912088,0.95,0.06394112,428.8,2026-05-28T19:14:41
mnist_4v9,all_to_all,angular,100,1,0.945055,0.978022,0.97,0.05907464,428.9,2026-05-28T19:14:43
mnist_4v9,all_to_all,angular,100,2,0.802198,0.802198,0.92,0.08004046,423.7,2026-05-28T19:17:20
mnist_4v9,all_to_all,angular,100,3,0.912088,0.912088,0.96,0.18605445,425.7,2026-05-28T19:17:32
mnist_4v9,all_to_all,angular,100,4,0.879121,0.879121,0.93,0.02326776,424.7,2026-05-28T19:18:49
mnist_4v9,all_to_all,angular,100,5,0.879121,0.89011,0.93,0.07530411,425.3,2026-05-28T19:19:02
mnist_4v9,all_to_all,angular,100,6,0.945055,0.945055,0.93,0.27503135,425.4,2026-05-28T19:21:47
mnist_4v9,all_to_all,angular,100,7,0.956044,0.967033,0.91,0.04253405,425.1,2026-05-28T19:21:49
mnist_4v9,all_to_all,angular,100,8,0.934066,0.945055,0.93,0.04348188,420.9,2026-05-28T19:24:22
mnist_4v9,all_to_all,angular,100,9,0.901099,0.901099,0.94,0.04355307,422.9,2026-05-28T19:24:36
mnist_4v9,all_to_all,angular,200,0,0.912088,0.923077,0.935,0.04964162,688.9,2026-05-28T19:30:20
mnist_4v9,all_to_all,angular,200,1,0.901099,0.901099,0.945,0.05820677,688.5,2026-05-28T19:30:32
mnist_4v9,all_to_all,angular,200,2,0.813187,0.824176,0.845,0.08790116,688.7,2026-05-28T19:33:17
mnist_4v9,all_to_all,angular,200,3,0.912088,0.934066,0.97,0.18011085,688.1,2026-05-28T19:33:18
mnist_4v9,all_to_all,angular,200,4,0.879121,0.879121,0.94,0.04955042,685.5,2026-05-28T19:35:49
mnist_4v9,all_to_all,angular,200,5,0.879121,0.879121,0.935,0.07749091,686.9,2026-05-28T19:36:04
mnist_4v9,all_to_all,amplitude,50,0,0.967033,0.967033,0.98,0.09205548,251.2,2026-05-28T19:40:01
mnist_4v9,all_to_all,amplitude,50,1,0.989011,0.989011,0.98,0.06746812,251.1,2026-05-28T19:40:16
mnist_4v9,all_to_all,angular,200,6,0.945055,0.945055,0.935,0.18054752,692.5,2026-05-28T19:41:53
mnist_4v9,all_to_all,angular,200,7,0.956044,0.956044,0.955,0.02023826,693.0,2026-05-28T19:42:06
mnist_4v9,all_to_all,amplitude,50,2,0.934066,0.967033,0.98,0.07222529,255.3,2026-05-28T19:44:17
mnist_4v9,all_to_all,amplitude,50,3,0.978022,0.978022,1.0,0.05428555,255.0,2026-05-28T19:44:32
mnist_4v9,all_to_all,angular,200,8,0.945055,0.945055,0.94,0.08339203,691.7,2026-05-28T19:44:50
mnist_4v9,all_to_all,angular,200,9,0.934066,0.967033,0.955,0.05603484,692.2,2026-05-28T19:44:52
mnist_4v9,all_to_all,amplitude,50,4,0.967033,0.967033,1.0,0.10224963,248.7,2026-05-28T19:46:03
mnist_4v9,all_to_all,amplitude,50,5,0.956044,0.978022,0.98,0.11369276,249.0,2026-05-28T19:46:16
mnist_4v9,all_to_all,amplitude,50,6,0.945055,0.978022,0.98,0.05238067,246.4,2026-05-28T19:48:24
mnist_4v9,all_to_all,amplitude,50,7,0.978022,0.989011,0.98,0.05654169,250.0,2026-05-28T19:48:43
mnist_4v9,all_to_all,amplitude,50,8,0.978022,0.989011,0.96,0.10912862,249.2,2026-05-28T19:49:00
mnist_4v9,all_to_all,amplitude,50,9,0.934066,0.967033,0.96,0.10098524,249.7,2026-05-28T19:49:02
mnist_4v9,all_to_all,amplitude,100,0,0.978022,0.978022,0.97,0.11996732,368.6,2026-05-28T19:52:12
mnist_4v9,all_to_all,amplitude,100,1,0.978022,0.978022,0.98,0.09478474,366.9,2026-05-28T19:52:24
mnist_4v9,all_to_all,amplitude,100,2,0.956044,0.967033,0.97,0.05311476,368.1,2026-05-28T19:54:34
mnist_4v9,all_to_all,amplitude,100,3,0.967033,0.978022,1.0,0.05246423,364.1,2026-05-28T19:54:48
mnist_4v9,all_to_all,amplitude,100,4,0.978022,0.978022,0.99,0.13050581,365.9,2026-05-28T19:55:07
mnist_4v9,all_to_all,amplitude,100,5,0.956044,0.978022,0.99,0.09658761,366.7,2026-05-28T19:55:10
mnist_4v9,all_to_all,amplitude,100,6,0.967033,0.967033,0.98,0.05408099,364.6,2026-05-28T19:58:18
mnist_4v9,all_to_all,amplitude,100,7,0.978022,0.989011,0.97,0.04559048,366.9,2026-05-28T19:58:32
mnist_4v9,all_to_all,amplitude,100,8,0.989011,1.0,0.97,0.14326197,366.7,2026-05-28T20:00:41
mnist_4v9,all_to_all,amplitude,100,9,0.934066,0.934066,0.97,0.08132585,367.3,2026-05-28T20:00:56
mnist_4v9,all_to_all,amplitude,200,0,0.956044,0.967033,0.95,0.1137945,610.1,2026-05-28T20:05:18
mnist_4v9,all_to_all,amplitude,200,1,0.978022,0.978022,0.985,0.08578723,613.1,2026-05-28T20:05:24
mnist_4v9,all_to_all,amplitude,200,2,0.989011,0.989011,0.97,0.06407502,614.9,2026-05-28T20:08:34
mnist_4v9,all_to_all,amplitude,200,3,0.956044,0.956044,0.99,0.05854547,613.6,2026-05-28T20:08:46
mnist_4v9,all_to_all,amplitude,200,4,0.978022,0.978022,0.985,0.1021048,616.0,2026-05-28T20:10:58
mnist_4v9,all_to_all,amplitude,200,5,0.934066,0.978022,0.98,0.09502612,619.6,2026-05-28T20:11:17
mnist_4v9,none,angular,50,0,0.626374,0.626374,0.6,0.04894063,206.1,2026-05-28T20:14:25
mnist_4v9,none,angular,50,1,0.604396,0.626374,0.48,0.07384564,207.2,2026-05-28T20:14:45
mnist_4v9,all_to_all,amplitude,200,6,0.967033,0.967033,0.97,0.0450622,623.3,2026-05-28T20:15:42
mnist_4v9,all_to_all,amplitude,200,7,0.989011,1.0,0.98,0.06442377,626.8,2026-05-28T20:15:52
mnist_4v9,none,angular,50,2,0.549451,0.593407,0.52,0.09507387,217.6,2026-05-28T20:18:03
mnist_4v9,none,angular,50,3,0.626374,0.67033,0.66,0.21131418,217.5,2026-05-28T20:18:23
mnist_4v9,all_to_all,amplitude,200,8,1.0,1.0,0.975,0.10763348,631.4,2026-05-28T20:19:06
mnist_4v9,all_to_all,amplitude,200,9,0.923077,0.945055,0.97,0.09977252,632.9,2026-05-28T20:19:20
mnist_4v9,none,angular,50,4,0.659341,0.681319,0.7,0.38686402,220.7,2026-05-28T20:19:24
mnist_4v9,none,angular,50,5,0.626374,0.626374,0.8,0.12445474,219.2,2026-05-28T20:19:32
mnist_4v9,none,angular,50,6,0.340659,0.593407,0.46,0.11374516,214.6,2026-05-28T20:21:39
mnist_4v9,none,angular,50,7,0.681319,0.703297,0.68,0.20895014,214.0,2026-05-28T20:21:58
mnist_4v9,none,angular,50,8,0.571429,0.659341,0.68,0.19179136,207.3,2026-05-28T20:22:35
mnist_4v9,none,angular,50,9,0.615385,0.648352,0.68,0.12858277,207.6,2026-05-28T20:22:48
mnist_4v9,none,angular,100,0,0.604396,0.626374,0.65,0.0820124,310.3,2026-05-28T20:24:35
mnist_4v9,none,angular,100,1,0.692308,0.703297,0.67,0.27262562,309.5,2026-05-28T20:24:42
mnist_4v9,none,angular,100,2,0.549451,0.615385,0.56,0.05893793,308.1,2026-05-28T20:26:48
mnist_4v9,none,angular,100,3,0.527473,0.571429,0.57,0.17444473,309.1,2026-05-28T20:27:08
mnist_4v9,none,angular,100,4,0.549451,0.582418,0.54,0.50194559,307.3,2026-05-28T20:27:43
mnist_4v9,none,angular,100,5,0.615385,0.648352,0.72,0.24751061,309.2,2026-05-28T20:27:58
mnist_4v9,none,angular,100,6,0.571429,0.703297,0.54,0.33528274,309.0,2026-05-28T20:29:45
mnist_4v9,none,angular,100,7,0.637363,0.681319,0.7,0.16690548,309.2,2026-05-28T20:29:52
mnist_4v9,none,angular,100,8,0.56044,0.582418,0.49,0.14378783,310.0,2026-05-28T20:31:58
mnist_4v9,none,angular,100,9,0.648352,0.659341,0.62,0.0624103,310.8,2026-05-28T20:32:19
mnist_4v9,none,angular,200,0,0.615385,0.626374,0.655,0.04961878,516.2,2026-05-28T20:36:20
mnist_4v9,none,angular,200,1,0.681319,0.714286,0.66,0.07349867,519.3,2026-05-28T20:36:38
mnist_4v9,none,angular,200,2,0.582418,0.615385,0.69,0.01880997,517.3,2026-05-28T20:38:23
mnist_4v9,none,angular,200,3,0.56044,0.582418,0.595,0.18450734,516.9,2026-05-28T20:38:30
mnist_4v9,none,angular,200,4,0.615385,0.637363,0.615,0.35536068,515.5,2026-05-28T20:40:35
mnist_4v9,none,angular,200,5,0.626374,0.659341,0.66,0.16773774,518.0,2026-05-28T20:40:58
mnist_4v9,none,amplitude,50,0,0.945055,0.978022,0.98,0.0872353,176.2,2026-05-28T20:43:32
mnist_4v9,none,amplitude,50,1,0.967033,0.978022,0.94,0.09896241,175.7,2026-05-28T20:43:54
mnist_4v9,none,angular,200,6,0.67033,0.703297,0.63,0.19281645,526.0,2026-05-28T20:45:07
mnist_4v9,none,angular,200,7,0.692308,0.736264,0.62,0.08608001,527.3,2026-05-28T20:45:27
mnist_4v9,none,amplitude,50,2,0.934066,0.956044,0.92,0.1716712,194.6,2026-05-28T20:46:47
mnist_4v9,none,amplitude,50,3,0.912088,0.923077,0.92,0.09477587,198.3,2026-05-28T20:47:13
mnist_4v9,none,angular,200,8,0.571429,0.681319,0.605,0.01879087,543.2,2026-05-28T20:47:27
mnist_4v9,none,angular,200,9,0.626374,0.681319,0.655,0.05202696,540.4,2026-05-28T20:47:31
mnist_4v9,none,amplitude,50,4,0.956044,0.956044,1.0,0.06911759,196.6,2026-05-28T20:48:24
mnist_4v9,none,amplitude,50,5,0.923077,0.956044,0.98,0.12826413,200.1,2026-05-28T20:48:47
mnist_4v9,none,amplitude,50,6,0.934066,0.956044,0.94,0.14863368,199.5,2026-05-28T20:50:07
mnist_4v9,none,amplitude,50,7,0.923077,0.934066,0.96,0.11034018,199.6,2026-05-28T20:50:34
mnist_4v9,none,amplitude,50,8,0.923077,0.945055,0.96,0.11313624,199.3,2026-05-28T20:50:47
mnist_4v9,none,amplitude,50,9,0.901099,0.923077,0.96,0.12796101,200.6,2026-05-28T20:50:53
mnist_4v9,none,amplitude,100,0,0.945055,0.978022,0.95,0.13373089,303.7,2026-05-28T20:53:29
mnist_4v9,none,amplitude,100,1,0.967033,0.978022,0.95,0.12233956,301.7,2026-05-28T20:53:50
mnist_4v9,none,amplitude,100,2,0.934066,0.956044,0.92,0.21643308,300.9,2026-05-28T20:55:09
mnist_4v9,none,amplitude,100,3,0.912088,0.923077,0.95,0.1272159,302.1,2026-05-28T20:55:37
mnist_4v9,none,amplitude,100,4,0.956044,0.956044,0.98,0.11883448,299.8,2026-05-28T20:55:48
mnist_4v9,none,amplitude,100,5,0.912088,0.956044,0.96,0.11944795,300.1,2026-05-28T20:55:54
mnist_4v9,none,amplitude,100,6,0.945055,0.945055,0.96,0.22469285,300.5,2026-05-28T20:58:31
mnist_4v9,none,amplitude,100,7,0.923077,0.945055,0.94,0.08450492,301.7,2026-05-28T20:58:52
mnist_4v9,none,amplitude,100,8,0.923077,0.956044,0.96,0.08986431,301.6,2026-05-28T21:00:11
mnist_4v9,none,amplitude,100,9,0.901099,0.912088,0.97,0.09672395,302.8,2026-05-28T21:00:40
mnist_4v9,none,amplitude,200,0,0.945055,0.978022,0.945,0.11137614,512.0,2026-05-28T21:04:21
mnist_4v9,none,amplitude,200,1,0.967033,0.978022,0.935,0.12704073,511.7,2026-05-28T21:04:26
mnist_4v9,none,amplitude,200,2,0.934066,0.956044,0.945,0.22545726,509.0,2026-05-28T21:07:00
mnist_4v9,none,amplitude,200,3,0.912088,0.923077,0.96,0.12394769,508.9,2026-05-28T21:07:22
mnist_4v9,none,amplitude,200,4,0.956044,0.956044,0.97,0.02721645,509.8,2026-05-28T21:08:42
mnist_4v9,none,amplitude,200,5,0.901099,0.956044,0.965,0.10442143,509.4,2026-05-28T21:09:11
mnist_4v9,none,amplitude,200,6,0.934066,0.945055,0.95,0.1688057,483.6,2026-05-28T21:12:25
mnist_4v9,none,amplitude,200,7,0.923077,0.923077,0.97,0.10224497,481.2,2026-05-28T21:12:29
mnist_4v9,none,amplitude,200,8,0.923077,0.956044,0.95,0.0801059,432.7,2026-05-28T21:14:14
mnist_4v9,none,amplitude,200,9,0.901099,0.923077,0.96,0.11223759,421.7,2026-05-28T21:14:25
