dataset,topology,encoding,train_size,final_acc_mean,final_acc_std,best_acc_mean,grad_var_mean,n_seeds
mnist_0v1,all_to_all,amplitude,50,0.9844445000000001,0.020420886857713948,0.9966666999999999,0.06370188,10
mnist_0v1,all_to_all,amplitude,100,0.9855556,0.027241772773118518,0.9944445,0.08840423,10
mnist_0v1,all_to_all,amplitude,200,0.9955556,0.0077688767413456915,0.9955556,0.07988970399999999,10
mnist_0v1,all_to_all,angular,50,0.869,0.039953539548386006,0.9018888,0.11078216199999999,10
mnist_0v1,all_to_all,angular,100,0.8744444,0.03886242062341344,0.8944442,0.12695941,10
mnist_0v1,all_to_all,angular,200,0.8822222999999999,0.027317049251134158,0.8999999000000001,0.131119133,10
mnist_0v1,none,amplitude,50,0.4599999,0.06567141801499342,0.5666667000000001,0.11612883300000001,10
mnist_0v1,none,amplitude,100,0.47111099999999995,0.05320967918423199,0.5788889,0.168721807,10
mnist_0v1,none,amplitude,200,0.44444439999999996,0.051051957181330904,0.5611111,0.139533178,10
mnist_0v1,none,angular,50,0.8711111,0.0374789063680418,0.8800000000000001,0.34681514399999996,10
mnist_0v1,none,angular,100,0.8588889999999999,0.026215473081538872,0.8788889,0.557303603,10
mnist_0v1,none,angular,200,0.8555555,0.02670798239915052,0.8833333,0.533150528,10
mnist_0v1,ring,amplitude,50,0.9869999999999999,0.017029386365926415,0.991,0.10262439500000001,10
mnist_0v1,ring,amplitude,100,0.9890000000000001,0.011972189997378653,0.991,0.119034855,10
mnist_0v1,ring,amplitude,200,0.985,0.012692955176439863,0.9869999999999999,0.096100088,10
mnist_0v1,ring,angular,50,0.8800000000000001,0.053748384988657,0.906,0.070991013,10
mnist_0v1,ring,angular,100,0.8779999999999999,0.04417138339593989,0.914,0.06028449,10
mnist_0v1,ring,angular,200,0.8939999999999999,0.03373096170846271,0.923,0.071690299,10
mnist_3v5,all_to_all,amplitude,50,0.9706521,0.026152171103626026,0.9793478,0.049526124,10
mnist_3v5,all_to_all,amplitude,100,0.9728258999999999,0.027234058078687645,0.9880433999999999,0.055355795,10
mnist_3v5,all_to_all,amplitude,200,0.9793476,0.015751467128845814,0.9858694,0.057772801,10
mnist_3v5,all_to_all,angular,50,0.9195651999999999,0.038752767381612076,0.9336956000000001,0.150344789,10
mnist_3v5,all_to_all,angular,100,0.9195654,0.02862109476980611,0.9369566,0.147375324,10
mnist_3v5,all_to_all,angular,200,0.9282609,0.0235924851615933,0.9380436,0.161324933,10
mnist_3v5,none,amplitude,50,0.5923913,0.021281498396755548,0.6315218,0.036564875,10
mnist_3v5,none,amplitude,100,0.5652174000000001,0.048610179905950665,0.6173913,0.051497671,10
mnist_3v5,none,amplitude,200,0.5826086,0.041374300287336185,0.6271739000000001,0.044028277,10
mnist_3v5,none,angular,50,0.9206521999999999,0.028088505963986224,0.9423915,0.212096596,10
mnist_3v5,none,angular,100,0.9250001000000001,0.027806795662012,0.9391306,0.234986883,10
mnist_3v5,none,angular,200,0.9293479,0.026252601117476595,0.9413045,0.236591662,10
mnist_3v5,ring,amplitude,50,0.9684780999999999,0.03710893366068785,0.9760866,0.08423623999999999,10
mnist_3v5,ring,amplitude,100,0.9695652000000001,0.02280023565082896,0.9815216,0.073424935,10
mnist_3v5,ring,amplitude,200,0.9706521,0.017786742550125488,0.9793478,0.084970667,10
mnist_3v5,ring,angular,50,0.9510869,0.02416957373526567,0.9749998,0.086728859,10
mnist_3v5,ring,angular,100,0.9445650999999999,0.03416198009955252,0.9608695,0.09220964000000001,10
mnist_3v5,ring,angular,200,0.9597825,0.026649440128578023,0.9695652000000001,0.087571243,10
mnist_4v9,all_to_all,amplitude,50,0.9626374,0.01952073153342362,0.9769230999999999,0.082101305,10
mnist_4v9,all_to_all,amplitude,100,0.9681319,0.015924573906387577,0.9747253,0.087168376,10
mnist_4v9,all_to_all,amplitude,200,0.967033,0.024843674728187833,0.9758241999999999,0.083622511,10
mnist_4v9,all_to_all,angular,50,0.9153846999999999,0.03843532680880962,0.9241759,0.082531947,10
mnist_4v9,all_to_all,angular,100,0.9054945999999999,0.04551563087116337,0.9131869,0.089228289,10
mnist_4v9,all_to_all,angular,200,0.9076924,0.042780327390051595,0.9153847,0.08431143799999999,10
mnist_4v9,none,amplitude,50,0.9318682,0.019928874589399192,0.9505494999999999,0.115009761,10
mnist_4v9,none,amplitude,100,0.9318682,0.021232765208516784,0.9505494999999999,0.133378789,10
mnist_4v9,none,amplitude,200,0.9296704,0.022099762704608384,0.9494505999999999,0.118285386,10
mnist_4v9,none,angular,50,0.5901102,0.09552666701188732,0.6428575000000001,0.158356251,10
mnist_4v9,none,angular,100,0.5956048,0.052777716172642423,0.6373629999999999,0.20458632300000001,10
mnist_4v9,none,angular,200,0.6241762,0.04569216274592395,0.6637366,0.119924747,10
mnist_4v9,ring,amplitude,50,0.9626374,0.021484049283130937,0.9791209000000001,0.087177202,10
mnist_4v9,ring,amplitude,100,0.9681319,0.0175288998542407,0.9791209000000001,0.088587606,10
mnist_4v9,ring,amplitude,200,0.9714286,0.01181282005280699,0.9802198000000001,0.079944952,10
mnist_4v9,ring,angular,50,0.8835165999999999,0.047815831662745334,0.912088,0.072177443,10
mnist_4v9,ring,angular,100,0.8978023,0.03278333840382948,0.9252748000000001,0.065514571,10
mnist_4v9,ring,angular,200,0.8956044999999999,0.03245426268612491,0.9318681999999999,0.068018217,10
