model,n_qubits,n_layers,train_size,n_params,final_acc_mean,final_acc_std,best_acc_mean,train_acc_mean,overfit_gap,time_mean_s,grad_var_final,n_seeds
VQC-ring-angular,2,1,50,4,0.6840,0.0840,0.6920,0.7120,0.0280,8.9,0.157979,5
VQC-ring-angular,2,1,100,4,0.6860,0.0926,0.6880,0.7140,0.0280,15.8,0.128822,5
VQC-ring-angular,2,1,200,4,0.6960,0.1089,0.6980,0.7010,0.0050,29.2,0.165018,5
VQC-ring-angular,2,1,400,4,0.6980,0.1093,0.6980,0.7000,0.0020,35.9,0.151515,5
VQC-ring-angular,4,1,50,8,0.7300,0.0374,0.7460,0.7440,0.0140,14.5,0.022031,5
VQC-ring-angular,4,1,100,8,0.7620,0.0299,0.7720,0.7580,-0.0040,45.2,0.019690,5
VQC-ring-angular,4,1,200,8,0.7500,0.0434,0.7680,0.7460,-0.0040,52.2,0.019189,5
VQC-ring-angular,4,1,400,8,0.7600,0.0329,0.7680,0.7408,-0.0192,81.2,0.018009,5
VQC-ring-angular,6,1,50,12,0.7140,0.0185,0.7340,0.7360,0.0220,22.0,0.009754,5
VQC-ring-angular,6,1,100,12,0.7060,0.0403,0.7520,0.7400,0.0340,40.1,0.008332,5
VQC-ring-angular,6,1,200,12,0.7280,0.0354,0.7600,0.7230,-0.0050,87.5,0.009431,5
VQC-ring-angular,6,1,400,12,0.7260,0.0403,0.7600,0.7238,-0.0022,114.1,0.010864,5
VQC-ring-angular,2,2,50,8,0.7060,0.1194,0.7140,0.7720,0.0660,12.6,0.084424,5
VQC-ring-angular,2,2,100,8,0.7120,0.1338,0.7160,0.7560,0.0440,24.3,0.065583,5
VQC-ring-angular,2,2,200,8,0.7120,0.1413,0.7300,0.7490,0.0370,43.9,0.075014,5
VQC-ring-angular,2,2,400,8,0.7080,0.1134,0.7160,0.7292,0.0212,55.7,0.068771,5
VQC-ring-angular,4,2,50,16,0.8060,0.0242,0.8180,0.8240,0.0180,23.7,0.017153,5
VQC-ring-angular,4,2,100,16,0.8080,0.0325,0.8200,0.8340,0.0260,66.6,0.014382,5
VQC-ring-angular,4,2,200,16,0.8040,0.0162,0.8220,0.8190,0.0150,87.9,0.014246,5
VQC-ring-angular,4,2,400,16,0.8020,0.0194,0.8200,0.8200,0.0180,106.9,0.014602,5
VQC-ring-angular,6,2,50,24,0.7880,0.0264,0.8100,0.8400,0.0520,36.0,0.023129,5
VQC-ring-angular,6,2,100,24,0.7980,0.0204,0.8220,0.8400,0.0420,66.2,0.025056,5
VQC-ring-angular,6,2,200,24,0.8080,0.0204,0.8200,0.8070,-0.0010,134.4,0.024466,5
VQC-ring-angular,6,2,400,24,0.8020,0.0264,0.8200,0.7954,-0.0066,200.9,0.023759,5
VQC-ring-angular,2,3,50,12,0.8660,0.0301,0.8700,0.9040,0.0380,16.7,0.020142,5
VQC-ring-angular,2,3,100,12,0.8740,0.0372,0.8740,0.9060,0.0320,35.3,0.019220,5
VQC-ring-angular,2,3,200,12,0.8720,0.0354,0.8760,0.9080,0.0360,60.0,0.017559,5
VQC-ring-angular,2,3,400,12,0.8700,0.0379,0.8700,0.8969,0.0269,97.0,0.017600,5
VQC-ring-angular,4,3,50,24,0.8420,0.0279,0.8500,0.9000,0.0580,33.1,0.022523,5
VQC-ring-angular,4,3,100,24,0.8640,0.0326,0.8740,0.9040,0.0400,60.8,0.018106,5
VQC-ring-angular,4,3,200,24,0.8780,0.0232,0.8820,0.9070,0.0290,125.3,0.020973,5
VQC-ring-angular,4,3,400,24,0.8800,0.0341,0.8840,0.9038,0.0238,148.9,0.021503,5
VQC-ring-angular,6,3,50,36,0.7960,0.0372,0.8140,0.8800,0.0840,49.1,0.009760,5
VQC-ring-angular,6,3,100,36,0.8040,0.0436,0.8160,0.8540,0.0500,91.4,0.010576,5
VQC-ring-angular,6,3,200,36,0.8540,0.0393,0.8700,0.8630,0.0090,282.7,0.012562,5
VQC-ring-angular,6,3,400,36,0.8520,0.0264,0.8740,0.8569,0.0049,247.9,0.015081,5
VQC-ring-amplitude,2,1,50,4,0.5180,0.0354,0.5540,0.5480,0.0300,6.7,0.009363,5
VQC-ring-amplitude,2,1,100,4,0.5100,0.0654,0.5380,0.5180,0.0080,13.0,0.006668,5
VQC-ring-amplitude,2,1,200,4,0.4980,0.0768,0.5240,0.4930,-0.0050,23.4,0.006301,5
VQC-ring-amplitude,2,1,400,4,0.4960,0.0753,0.5100,0.4808,-0.0152,29.5,0.003923,5
VQC-ring-amplitude,4,1,50,8,0.9480,0.0147,0.9500,0.9800,0.0320,11.9,0.047808,5
VQC-ring-amplitude,4,1,100,8,0.9540,0.0136,0.9580,0.9700,0.0160,34.1,0.048413,5
VQC-ring-amplitude,4,1,200,8,0.9520,0.0172,0.9580,0.9720,0.0200,41.0,0.047481,5
VQC-ring-amplitude,4,1,400,8,0.9500,0.0167,0.9580,0.9669,0.0169,57.3,0.046786,5
VQC-ring-amplitude,6,1,50,12,0.9260,0.0445,0.9280,0.9600,0.0340,16.9,0.039160,5
VQC-ring-amplitude,6,1,100,12,0.9400,0.0228,0.9420,0.9560,0.0160,31.1,0.035600,5
VQC-ring-amplitude,6,1,200,12,0.9060,0.0939,0.9160,0.9120,0.0060,61.4,0.027552,5
VQC-ring-amplitude,6,1,400,12,0.9420,0.0232,0.9420,0.9492,0.0072,89.9,0.045856,5
VQC-ring-amplitude,2,2,50,8,0.5420,0.0703,0.5420,0.5120,-0.0300,11.3,0.080500,5
VQC-ring-amplitude,2,2,100,8,0.5340,0.0855,0.5360,0.5180,-0.0160,21.5,0.071690,5
VQC-ring-amplitude,2,2,200,8,0.5400,0.0797,0.5400,0.5340,-0.0060,39.4,0.096326,5
VQC-ring-amplitude,2,2,400,8,0.5420,0.0736,0.5460,0.5600,0.0180,49.4,0.091676,5
VQC-ring-amplitude,4,2,50,16,0.9480,0.0204,0.9600,0.9800,0.0320,21.4,0.016000,5
VQC-ring-amplitude,4,2,100,16,0.9540,0.0185,0.9740,0.9680,0.0140,55.9,0.017512,5
VQC-ring-amplitude,4,2,200,16,0.9560,0.0233,0.9740,0.9660,0.0100,75.8,0.018004,5
VQC-ring-amplitude,4,2,400,16,0.9560,0.0233,0.9760,0.9638,0.0078,93.4,0.019467,5
VQC-ring-amplitude,6,2,50,24,0.9460,0.0215,0.9680,0.9560,0.0100,31.1,0.016329,5
VQC-ring-amplitude,6,2,100,24,0.9520,0.0204,0.9660,0.9540,0.0020,57.2,0.017503,5
VQC-ring-amplitude,6,2,200,24,0.9460,0.0185,0.9620,0.9580,0.0120,116.3,0.017250,5
VQC-ring-amplitude,6,2,400,24,0.9540,0.0215,0.9620,0.9531,-0.0009,174.4,0.016767,5
VQC-ring-amplitude,2,3,50,12,0.9760,0.0102,0.9840,0.9560,-0.0200,15.5,0.024516,5
VQC-ring-amplitude,2,3,100,12,0.9820,0.0117,0.9920,0.9680,-0.0140,46.3,0.023258,5
VQC-ring-amplitude,2,3,200,12,0.9760,0.0150,0.9920,0.9670,-0.0090,54.6,0.022399,5
VQC-ring-amplitude,2,3,400,12,0.9800,0.0126,0.9920,0.9638,-0.0162,83.6,0.022441,5
VQC-ring-amplitude,4,3,50,24,0.9560,0.0162,0.9780,0.9840,0.0280,29.6,0.009188,5
VQC-ring-amplitude,4,3,100,24,0.9560,0.0102,0.9780,0.9760,0.0200,53.9,0.009844,5
VQC-ring-amplitude,4,3,200,24,0.9600,0.0141,0.9780,0.9750,0.0150,106.2,0.012551,5
VQC-ring-amplitude,4,3,400,24,0.9620,0.0133,0.9840,0.9708,0.0088,163.3,0.012315,5
VQC-ring-amplitude,6,3,50,36,0.9540,0.0185,0.9680,0.9720,0.0180,44.9,0.017990,5
VQC-ring-amplitude,6,3,100,36,0.9480,0.0160,0.9700,0.9560,0.0080,80.3,0.017510,5
VQC-ring-amplitude,6,3,200,36,0.9480,0.0160,0.9700,0.9590,0.0110,340.5,0.018920,5
VQC-ring-amplitude,6,3,400,36,0.9500,0.0155,0.9700,0.9569,0.0069,222.5,0.018210,5
VQC-all_to_all-angular,2,1,50,4,0.8100,0.0253,0.8100,0.8440,0.0340,8.0,0.114483,5
VQC-all_to_all-angular,2,1,100,4,0.8100,0.0253,0.8100,0.8500,0.0400,14.9,0.025724,5
VQC-all_to_all-angular,2,1,200,4,0.8120,0.0264,0.8120,0.8430,0.0310,27.1,0.027886,5
VQC-all_to_all-angular,2,1,400,4,0.8120,0.0264,0.8120,0.8408,0.0288,33.8,0.026542,5
VQC-all_to_all-angular,4,1,50,8,0.8100,0.0253,0.8100,0.8440,0.0340,15.4,0.080951,5
VQC-all_to_all-angular,4,1,100,8,0.8100,0.0253,0.8100,0.8500,0.0400,46.1,0.018190,5
VQC-all_to_all-angular,4,1,200,8,0.8120,0.0264,0.8120,0.8430,0.0310,55.0,0.019718,5
VQC-all_to_all-angular,4,1,400,8,0.8120,0.0264,0.8120,0.8408,0.0288,69.2,0.018768,5
VQC-all_to_all-angular,6,1,50,12,0.8100,0.0253,0.8100,0.8440,0.0340,25.7,0.066097,5
VQC-all_to_all-angular,6,1,100,12,0.8100,0.0253,0.8100,0.8500,0.0400,46.8,0.014852,5
VQC-all_to_all-angular,6,1,200,12,0.8120,0.0264,0.8120,0.8430,0.0310,94.3,0.016100,5
VQC-all_to_all-angular,6,1,400,12,0.8120,0.0264,0.8120,0.8408,0.0288,138.5,0.015324,5
VQC-all_to_all-angular,2,2,50,8,0.8380,0.0240,0.8500,0.8720,0.0340,11.5,0.027350,5
VQC-all_to_all-angular,2,2,100,8,0.8380,0.0279,0.8440,0.8760,0.0380,22.4,0.029551,5
VQC-all_to_all-angular,2,2,200,8,0.8480,0.0279,0.8500,0.8760,0.0280,41.7,0.033516,5
VQC-all_to_all-angular,2,2,400,8,0.8380,0.0279,0.8480,0.8662,0.0282,52.8,0.039250,5
VQC-all_to_all-angular,4,2,50,16,0.8100,0.0443,0.8140,0.8480,0.0380,25.6,0.033466,5
VQC-all_to_all-angular,4,2,100,16,0.8180,0.0366,0.8180,0.8560,0.0380,77.8,0.030562,5
VQC-all_to_all-angular,4,2,200,16,0.8240,0.0301,0.8240,0.8480,0.0240,94.2,0.027967,5
VQC-all_to_all-angular,4,2,400,16,0.8240,0.0338,0.8260,0.8331,0.0091,113.3,0.031675,5
VQC-all_to_all-angular,6,2,50,24,0.8240,0.0224,0.8260,0.8560,0.0320,43.5,0.024960,5
VQC-all_to_all-angular,6,2,100,24,0.8340,0.0150,0.8360,0.8780,0.0440,80.9,0.023851,5
VQC-all_to_all-angular,6,2,200,24,0.8440,0.0120,0.8460,0.8830,0.0390,161.4,0.025332,5
VQC-all_to_all-angular,6,2,400,24,0.8360,0.0120,0.8380,0.8677,0.0317,238.6,0.029575,5
VQC-all_to_all-angular,2,3,50,12,0.8260,0.0120,0.8420,0.8640,0.0380,15.4,0.026368,5
VQC-all_to_all-angular,2,3,100,12,0.8420,0.0293,0.8560,0.8800,0.0380,47.5,0.025510,5
VQC-all_to_all-angular,2,3,200,12,0.8540,0.0258,0.8700,0.8820,0.0280,55.2,0.025874,5
VQC-all_to_all-angular,2,3,400,12,0.8500,0.0228,0.8700,0.8769,0.0269,96.7,0.025284,5
VQC-all_to_all-angular,4,3,50,24,0.8440,0.0150,0.8520,0.8840,0.0400,35.7,0.012313,5
VQC-all_to_all-angular,4,3,100,24,0.8540,0.0463,0.8540,0.9200,0.0660,64.2,0.012676,5
VQC-all_to_all-angular,4,3,200,24,0.8700,0.0438,0.8720,0.9080,0.0380,124.8,0.014088,5
VQC-all_to_all-angular,4,3,400,24,0.8700,0.0522,0.8720,0.8977,0.0277,206.3,0.013029,5
VQC-all_to_all-angular,6,3,50,36,0.8380,0.0337,0.8420,0.8800,0.0420,59.4,0.010316,5
VQC-all_to_all-angular,6,3,100,36,0.8520,0.0387,0.8560,0.9040,0.0520,107.3,0.011451,5
VQC-all_to_all-angular,6,3,200,36,0.8560,0.0314,0.8600,0.8990,0.0430,218.2,0.011363,5
VQC-all_to_all-angular,6,3,400,36,0.8560,0.0280,0.8580,0.8877,0.0317,299.1,0.013485,5
VQC-all_to_all-amplitude,2,1,50,4,0.4240,0.0840,0.4400,0.4400,0.0160,6.4,0.004860,5
VQC-all_to_all-amplitude,2,1,100,4,0.4160,0.0941,0.4220,0.4320,0.0160,12.2,0.012571,5
VQC-all_to_all-amplitude,2,1,200,4,0.3740,0.0683,0.3860,0.3760,0.0020,21.7,0.003558,5
VQC-all_to_all-amplitude,2,1,400,4,0.3800,0.0707,0.3880,0.3723,-0.0077,27.7,0.005641,5
VQC-all_to_all-amplitude,4,1,50,8,0.4840,0.0605,0.5540,0.4000,-0.0840,12.2,0.004953,5
VQC-all_to_all-amplitude,4,1,100,8,0.4800,0.0494,0.5500,0.4380,-0.0420,37.3,0.004787,5
VQC-all_to_all-amplitude,4,1,200,8,0.4800,0.0580,0.5340,0.4480,-0.0320,43.9,0.003327,5
VQC-all_to_all-amplitude,4,1,400,8,0.4740,0.0535,0.5300,0.4538,-0.0202,55.2,0.004256,5
VQC-all_to_all-amplitude,6,1,50,12,0.5100,0.0000,0.5100,0.5000,-0.0100,20.2,0.190016,5
VQC-all_to_all-amplitude,6,1,100,12,0.5100,0.0000,0.5100,0.5000,-0.0100,38.8,0.190016,5
VQC-all_to_all-amplitude,6,1,200,12,0.5100,0.0000,0.5100,0.5000,-0.0100,75.2,0.190016,5
VQC-all_to_all-amplitude,6,1,400,12,0.5100,0.0000,0.5100,0.5038,-0.0062,113.3,0.187532,5
VQC-all_to_all-amplitude,2,2,50,8,0.8900,0.1418,0.8940,0.9040,0.0140,10.2,0.087696,5
VQC-all_to_all-amplitude,2,2,100,8,0.8780,0.1157,0.8820,0.8820,0.0040,20.1,0.095409,5
VQC-all_to_all-amplitude,2,2,200,8,0.8720,0.1734,0.8760,0.8710,-0.0010,36.3,0.077204,5
VQC-all_to_all-amplitude,2,2,400,8,0.8720,0.1778,0.8760,0.8792,0.0072,56.8,0.078717,5
VQC-all_to_all-amplitude,4,2,50,16,0.9360,0.0445,0.9600,0.9440,0.0080,22.0,0.048460,5
VQC-all_to_all-amplitude,4,2,100,16,0.9320,0.0515,0.9540,0.9180,-0.0140,46.3,0.051839,5
VQC-all_to_all-amplitude,4,2,200,16,0.9380,0.0523,0.9620,0.9370,-0.0010,79.2,0.050104,5
VQC-all_to_all-amplitude,4,2,400,16,0.9320,0.0624,0.9540,0.9285,-0.0035,99.4,0.047956,5
VQC-all_to_all-amplitude,6,2,50,24,0.8760,0.1847,0.8780,0.8680,-0.0080,37.7,0.072637,5
VQC-all_to_all-amplitude,6,2,100,24,0.8740,0.1790,0.8780,0.8740,0.0000,70.1,0.073792,5
VQC-all_to_all-amplitude,6,2,200,24,0.8760,0.1841,0.8800,0.8730,-0.0030,204.5,0.073100,5
VQC-all_to_all-amplitude,6,2,400,24,0.8780,0.1849,0.8820,0.8708,-0.0072,212.4,0.071796,5
VQC-all_to_all-amplitude,2,3,50,12,0.9840,0.0136,0.9840,0.9720,-0.0120,14.2,0.027458,5
VQC-all_to_all-amplitude,2,3,100,12,0.9800,0.0210,0.9840,0.9680,-0.0120,32.2,0.024521,5
VQC-all_to_all-amplitude,2,3,200,12,0.9720,0.0117,0.9860,0.9600,-0.0120,50.8,0.038596,5
VQC-all_to_all-amplitude,2,3,400,12,0.9740,0.0162,0.9820,0.9538,-0.0202,85.5,0.034963,5
VQC-all_to_all-amplitude,4,3,50,24,0.9560,0.0196,0.9980,0.9800,0.0240,31.9,0.019973,5
VQC-all_to_all-amplitude,4,3,100,24,0.9580,0.0160,0.9980,0.9720,0.0140,58.8,0.018148,5
VQC-all_to_all-amplitude,4,3,200,24,0.9580,0.0160,0.9980,0.9760,0.0180,116.1,0.017301,5
VQC-all_to_all-amplitude,4,3,400,24,0.9660,0.0150,0.9980,0.9715,0.0055,172.6,0.019385,5
VQC-all_to_all-amplitude,6,3,50,36,0.9820,0.0117,1.0000,0.9920,0.0100,54.9,0.035143,5
VQC-all_to_all-amplitude,6,3,100,36,0.9800,0.0110,1.0000,0.9820,0.0020,98.1,0.035125,5
VQC-all_to_all-amplitude,6,3,200,36,0.9800,0.0126,1.0000,0.9850,0.0050,195.3,0.035274,5
VQC-all_to_all-amplitude,6,3,400,36,0.9820,0.0117,1.0000,0.9815,-0.0005,280.3,0.034803,5
VQC-none-angular,2,1,50,4,0.8100,0.0253,0.8100,0.8440,0.0340,7.2,0.114483,5
VQC-none-angular,2,1,100,4,0.8100,0.0253,0.8100,0.8500,0.0400,14.2,0.025724,5
VQC-none-angular,2,1,200,4,0.8120,0.0264,0.8120,0.8430,0.0310,25.3,0.027886,5
VQC-none-angular,2,1,400,4,0.8120,0.0264,0.8120,0.8408,0.0288,31.8,0.026542,5
VQC-none-angular,4,1,50,8,0.8100,0.0253,0.8100,0.8440,0.0340,12.8,0.080951,5
VQC-none-angular,4,1,100,8,0.8100,0.0253,0.8100,0.8500,0.0400,39.1,0.018190,5
VQC-none-angular,4,1,200,8,0.8120,0.0264,0.8120,0.8430,0.0310,48.2,0.019718,5
VQC-none-angular,4,1,400,8,0.8120,0.0264,0.8120,0.8408,0.0288,57.7,0.018768,5
VQC-none-angular,6,1,50,12,0.8100,0.0253,0.8100,0.8440,0.0340,19.2,0.066097,5
VQC-none-angular,6,1,100,12,0.8100,0.0253,0.8100,0.8500,0.0400,35.7,0.014852,5
VQC-none-angular,6,1,200,12,0.8120,0.0264,0.8120,0.8430,0.0310,70.7,0.016100,5
VQC-none-angular,6,1,400,12,0.8120,0.0264,0.8120,0.8408,0.0288,105.2,0.015324,5
VQC-none-angular,2,2,50,8,0.8400,0.0261,0.8500,0.8720,0.0320,10.8,0.028392,5
VQC-none-angular,2,2,100,8,0.8120,0.0354,0.8360,0.8560,0.0440,21.2,0.053959,5
VQC-none-angular,2,2,200,8,0.8200,0.0555,0.8400,0.8540,0.0340,38.1,0.039391,5
VQC-none-angular,2,2,400,8,0.8260,0.0539,0.8400,0.8538,0.0278,83.2,0.047728,5
VQC-none-angular,4,2,50,16,0.7780,0.0435,0.7920,0.8200,0.0420,20.4,0.050554,5
VQC-none-angular,4,2,100,16,0.7700,0.0540,0.7760,0.8140,0.0440,37.2,0.072382,5
VQC-none-angular,4,2,200,16,0.7660,0.0539,0.7780,0.7940,0.0280,78.5,0.095249,5
VQC-none-angular,4,2,400,16,0.7860,0.0516,0.7980,0.8015,0.0155,93.1,0.081769,5
VQC-none-angular,6,2,50,24,0.8280,0.0440,0.8340,0.8280,-0.0000,31.8,0.038417,5
VQC-none-angular,6,2,100,24,0.8060,0.0634,0.8120,0.8480,0.0420,56.8,0.050715,5
VQC-none-angular,6,2,200,24,0.8160,0.0706,0.8220,0.8460,0.0300,170.8,0.052406,5
VQC-none-angular,6,2,400,24,0.8440,0.0372,0.8500,0.8577,0.0137,172.3,0.031059,5
VQC-none-angular,2,3,50,12,0.8340,0.0174,0.8500,0.8560,0.0220,14.3,0.063216,5
VQC-none-angular,2,3,100,12,0.8420,0.0299,0.8580,0.8760,0.0340,35.5,0.048596,5
VQC-none-angular,2,3,200,12,0.8500,0.0358,0.8700,0.8760,0.0260,50.9,0.042383,5
VQC-none-angular,2,3,400,12,0.8520,0.0232,0.8640,0.8700,0.0180,81.9,0.039642,5
VQC-none-angular,4,3,50,24,0.8360,0.0136,0.8560,0.8680,0.0320,27.4,0.037345,5
VQC-none-angular,4,3,100,24,0.8420,0.0240,0.8620,0.8920,0.0500,50.4,0.028829,5
VQC-none-angular,4,3,200,24,0.8540,0.0287,0.8680,0.8830,0.0290,102.7,0.038539,5
VQC-none-angular,4,3,400,24,0.8480,0.0183,0.8640,0.8838,0.0358,148.1,0.046845,5
VQC-none-angular,6,3,50,36,0.8100,0.0434,0.8180,0.8440,0.0340,42.4,0.044068,5
VQC-none-angular,6,3,100,36,0.8300,0.0434,0.8340,0.8720,0.0420,75.3,0.040377,5
VQC-none-angular,6,3,200,36,0.8300,0.0522,0.8440,0.8560,0.0260,149.0,0.052337,5
VQC-none-angular,6,3,400,36,0.8040,0.0700,0.8140,0.8346,0.0306,221.5,0.055756,5
VQC-none-amplitude,2,1,50,4,0.4240,0.0840,0.4400,0.4400,0.0160,5.9,0.004860,5
VQC-none-amplitude,2,1,100,4,0.4160,0.0941,0.4220,0.4320,0.0160,11.1,0.012571,5
VQC-none-amplitude,2,1,200,4,0.3740,0.0683,0.3860,0.3760,0.0020,20.3,0.003558,5
VQC-none-amplitude,2,1,400,4,0.3800,0.0707,0.3880,0.3723,-0.0077,26.5,0.005641,5
VQC-none-amplitude,4,1,50,8,0.4840,0.0605,0.5540,0.4000,-0.0840,9.7,0.004953,5
VQC-none-amplitude,4,1,100,8,0.4800,0.0494,0.5500,0.4380,-0.0420,29.3,0.004787,5
VQC-none-amplitude,4,1,200,8,0.4800,0.0580,0.5340,0.4480,-0.0320,36.3,0.003327,5
VQC-none-amplitude,4,1,400,8,0.4740,0.0535,0.5300,0.4538,-0.0202,43.2,0.004256,5
VQC-none-amplitude,6,1,50,12,0.5100,0.0000,0.5100,0.5000,-0.0100,14.2,0.190016,5
VQC-none-amplitude,6,1,100,12,0.5100,0.0000,0.5100,0.5000,-0.0100,26.6,0.190016,5
VQC-none-amplitude,6,1,200,12,0.5100,0.0000,0.5100,0.5000,-0.0100,52.0,0.190016,5
VQC-none-amplitude,6,1,400,12,0.5100,0.0000,0.5100,0.5038,-0.0062,79.2,0.187532,5
VQC-none-amplitude,2,2,50,8,0.4360,0.1011,0.4600,0.4400,0.0040,9.2,0.028979,5
VQC-none-amplitude,2,2,100,8,0.4540,0.1473,0.4600,0.4580,0.0040,18.4,0.044377,5
VQC-none-amplitude,2,2,200,8,0.4260,0.0913,0.4380,0.4100,-0.0160,33.2,0.047828,5
VQC-none-amplitude,2,2,400,8,0.4180,0.0838,0.4240,0.4108,-0.0072,64.6,0.046855,5
VQC-none-amplitude,4,2,50,16,0.4900,0.0358,0.5720,0.3920,-0.0980,17.1,0.005038,5
VQC-none-amplitude,4,2,100,16,0.4880,0.0360,0.5780,0.4240,-0.0640,31.5,0.007252,5
VQC-none-amplitude,4,2,200,16,0.4840,0.0338,0.5740,0.4470,-0.0370,68.5,0.006581,5
VQC-none-amplitude,4,2,400,16,0.4800,0.0346,0.5700,0.4500,-0.0300,77.5,0.006516,5
VQC-none-amplitude,6,2,50,24,0.4940,0.0080,0.5100,0.5000,0.0060,26.2,0.056671,5
VQC-none-amplitude,6,2,100,24,0.4940,0.0080,0.5100,0.5000,0.0060,47.0,0.056671,5
VQC-none-amplitude,6,2,200,24,0.4940,0.0080,0.5100,0.5000,0.0060,130.5,0.056671,5
VQC-none-amplitude,6,2,400,24,0.4940,0.0080,0.5100,0.4977,0.0037,146.2,0.056410,5
VQC-none-amplitude,2,3,50,12,0.5180,0.1194,0.5720,0.5160,-0.0020,12.8,0.027736,5
VQC-none-amplitude,2,3,100,12,0.6340,0.0589,0.6460,0.5880,-0.0460,38.9,0.026439,5
VQC-none-amplitude,2,3,200,12,0.6380,0.0571,0.6420,0.6160,-0.0220,46.0,0.032035,5
VQC-none-amplitude,2,3,400,12,0.6200,0.0580,0.6360,0.6100,-0.0100,77.1,0.034254,5
VQC-none-amplitude,4,3,50,24,0.5040,0.0287,0.5860,0.4000,-0.1040,24.4,0.005999,5
VQC-none-amplitude,4,3,100,24,0.4980,0.0232,0.5840,0.4360,-0.0620,45.0,0.004945,5
VQC-none-amplitude,4,3,200,24,0.5020,0.0204,0.5840,0.4470,-0.0550,99.7,0.003548,5
VQC-none-amplitude,4,3,400,24,0.4920,0.0299,0.5800,0.4531,-0.0389,133.0,0.003428,5
VQC-none-amplitude,6,3,50,36,0.5020,0.0098,0.5100,0.5000,-0.0020,37.0,0.051514,5
VQC-none-amplitude,6,3,100,36,0.5020,0.0098,0.5100,0.5000,-0.0020,65.9,0.051514,5
VQC-none-amplitude,6,3,200,36,0.5020,0.0098,0.5100,0.5000,-0.0020,131.7,0.051514,5
VQC-none-amplitude,6,3,400,36,0.5060,0.0080,0.5100,0.5023,-0.0037,198.5,0.050378,5
CNN,—,—,50,3361,0.9960,0.0049,0.9960,1.0000,0.0040,0.2,NA,5
CNN,—,—,100,3361,0.9980,0.0040,0.9980,1.0000,0.0020,0.2,NA,5
CNN,—,—,200,3361,0.9940,0.0120,0.9940,1.0000,0.0060,0.2,NA,5
CNN,—,—,400,3361,1.0000,0.0000,1.0000,1.0000,0.0000,0.3,NA,5
MLP,—,—,50,2625,0.9660,0.0350,0.9660,1.0000,0.0340,0.1,NA,5
MLP,—,—,100,2625,0.9940,0.0049,0.9940,1.0000,0.0060,0.1,NA,5
MLP,—,—,200,2625,0.9980,0.0040,0.9980,1.0000,0.0020,0.1,NA,5
MLP,—,—,400,2625,0.9980,0.0040,0.9980,1.0000,0.0020,0.1,NA,5
SVM,—,—,50,24,0.9940,0.0049,0.9940,1.0000,0.0060,0.0,NA,5
SVM,—,—,100,25,0.9960,0.0049,0.9960,1.0000,0.0040,0.0,NA,5
SVM,—,—,200,30,0.9980,0.0040,0.9980,1.0000,0.0020,0.0,NA,5
SVM,—,—,400,32,0.9980,0.0040,0.9980,1.0000,0.0020,0.0,NA,5
